#;feature;luisfer81567047;gabrielmoreno10;AlcaldiadeMed;QuinteroCalle;MedellinFuturo;estebanrestre;camivillamizar;JuanJoseAuxT;JuanDav60925142;monpabon;sanchezc_v;diamaov;oscarhurtadop;fonvalmed;Karen_delgadom;EducacionMed;soyalejangu;Juanparal;LinaGaviriaH;IUColmayor;ITM_Medellin;IUPascualBravo;bppiloto;CasadelaMemoria;casanes2;SapienciaMed;Metroparquesofi;FFerrocarrilAnt;ParqueExplora;PlanetarioMed;Exploratoriomed;FeriasCTI;AndreeSecSalud;Ale_Gomezl;julymartilo;Metrosalud;saviasaludeps;hospinfantilCM;seguridadmed;acevedossa;NataliaUrregoA;Dmonvel;sttmed;CadenaGaitan;Isvimed;1jorgetorresram;AeropuertoEOH;EDUMedellin;WilderWiler;metrodemedellin;Metroplus_SA;TerminalesMed;ParqueArvi;jbotanicomed;paolavargasdllo;plazamayormed;Ruta_N;juanandresvas;TelemedRadio;mabel_lopez5;infocreame;FNGSA;BureauMedellin;jorgeMejiaMa;AlejandroAriasG;AnaPiedadJaram1;JuventudMed;alejandromattah;Buen_Comienzo;GerenteEPM;AgenciaAPPMed;RodrigoForonda5;acimedellin;Emvarias;PatrimonioMDE;EnCicla;renehoyos;ConcejoMedellin;personeriamed;ContraloriaMed
0;abrir convocatorio;0.0;0.0;0.1010379330002382;0.0;0.0;0.0;0.01615209227839466;0.13864228151545463;0.0;0.0;0.04970367260323956;0.037557551086447996;0.0;0.0;0.14791855134582044;0.048374772392077395;0.05455570066199305;0.0;0.09438954676870583;0.13116938728543603;0.18842435508158914;0.23161697616469729;0.0491684974756904;0.0;0.0;0.07131372661086575;0.0;0.08645538724711005;0.0;0.0;0.29649867559804255;0.07060919354313444;0.0;0.06680603505362336;0.01881387112668098;0.0;0.0;0.0;0.001756043342659481;0.0022408783897404634;0.041031288187098974;0.0;0.0;0.0355437171885001;0.044358325281697815;0.021341412417922263;0.0;0.012930090512987056;0.0;0.0;0.0;0.0;0.019704882645212668;0.023263504647268587;0.0;0.03793122874234004;0.13387130346808881;0.1822800029704201;0.0030674029849037023;0.0;0.10277724768276192;0.023173395602493336;0.02541727630803008;0.0;0.05835342971758321;0.10217742627929825;0.15223208694710488;0.07371198484402174;0.0;0.0;0.07783924016771966;0.0;0.06731193074079642;0.0;0.15982887736882556;0.0;0.020157457864612937;0.003479562295204964;0.0;0.0
1;actualizar dato;0.0;0.0;0.0;0.0;0.0;0.0;0.0;0.0;0.0;0.0;0.0;0.0;0.0;0.38351869396442534;0.0;0.0;0.0;0.0;0.0;0.022504519561251057;0.0;0.18733699226266998;0.0;0.0;0.0;0.005607791153308299;0.0;0.0;0.0;0.0;0.0;0.0;0.0;0.0;0.0;0.034326463318140384;0.04349481670868013;0.0;0.0;0.0;0.0;0.0;0.0;0.0;0.0;0.0;0.0;0.0;0.0;0.0;0.035787427922007474;0.0;0.0;0.0;0.0;0.0;0.0;0.0;0.0;0.0;0.0;0.13120212573356435;0.0;0.0;0.0;0.0;0.0;0.0;0.0;0.0;0.0;0.0;0.0;0.0;0.0;0.4770208505213681;0.03804220677004015;0.0;0.0;0.0
2;aeropuerto operar;0.0;0.0;0.0;0.0;0.0;0.0;0.0;0.0;0.0;0.0;0.0;0.0;0.0;0.0;0.0;0.0;0.0;0.0;0.0;0.0;0.0;0.0;0.0;0.0;0.0;0.0;0.0;0.0;0.0;0.0;0.0;0.0;0.0;0.0;0.0;0.0;0.0;0.0;0.0;0.0;0.0;0.0;0.0;0.0;0.0;0.0;0.5539427779000441;0.0;0.0;0.0;0.0;0.0;0.0;0.0;0.0;0.0;0.0;0.0;0.0;0.0;0.0;0.0;0.0;0.0;0.0;0.0;0.0;0.0;0.0;0.0;0.0;0.0;0.0;0.0;0.0;0.0;0.0;0.0;0.0;0.0
3;aire convosradio;0.0;0.0;0.0;0.0;0.0;0.0;0.0;0.0;0.0;0.0;0.0;0.0;0.0;0.0;0.0;0.0;0.0;0.0;0.0;0.0;0.0;0.0;0.0;0.0;0.0;0.0;0.0;0.0;0.0;0.0;0.0;0.0;0.0;0.0;0.0;0.010839622336791296;0.0;0.0;0.0;0.0;0.0;0.0;0.0;0.0;0.021148528777755107;0.0;0.0;0.0;0.0;0.0;0.0678057974369932;0.0;0.0;0.0;0.0;0.0;0.0;0.0;0.33343462933489004;0.0;0.0;0.0;0.0;0.0;0.0;0.0;0.0;0.0;0.0;0.0;0.0;0.0;0.0;0.0;0.0;0.0;0.0;0.0;0.0;0.0
4;alto flujo;0.0;0.0;0.03515811501430242;0.0;0.0;0.02103699725296805;0.0;0.0;0.0;0.0;0.0;0.0;0.0;0.0;0.0;0.0;0.0;0.0;0.0;0.0;0.0;0.0;0.0;0.0;0.0;0.024814998959622685;0.0;0.0;0.0;0.0;0.0;0.0;0.0;0.0;0.0;0.009493612639094276;0.0;0.0;0.0;0.0;0.0;0.0;0.45783545180903096;0.0;0.0;0.0;0.0;0.01349782985168158;0.0;0.0;0.0;0.0;0.0;0.0;0.0;0.0;0.0;0.0;0.0;0.0;0.0;0.0;0.0;0.0;0.0;0.0;0.0;0.0;0.007484723368687358;0.0;0.0;0.0;0.0;0.0;0.0;0.0;0.0;0.0;0.0;0.0
5;arte cultura;0.0;0.0;0.10858545260654097;0.052057102861748035;0.0;0.009281790754493077;0.0;0.05805149639590127;0.0;0.10196146808952132;0.045785597198719205;0.17298469265451705;0.06443216427498936;0.0;0.0681291628507989;0.029707634966985228;0.025127573120634024;0.02499664077780676;0.5962213195728372;0.054922489229263446;0.013351623845183791;0.07619961190303175;0.18117043690179746;0.1457117101978613;0.0;0.008211519869489153;0.0;0.637121778545993;0.0;0.03498291140449755;0.08193782201519381;0.0;0.0;0.006837755868834157;0.005776932770012147;0.004188702644235579;0.0;0.0;0.002426425119295684;0.004128465763203348;0.0944921137153874;0.06006439780240119;0.0;0.06548370504242332;0.032689293283735425;0.0;0.0;0.0655095562822879;0.06736233919867121;0.003537220588009;0.0;0.0;0.07260629023078966;0.021429673048766806;0.011923734413820794;0.017470579833330745;0.024663680794718253;0.0;0.001695362175355181;0.001113245805265913;0.0;0.0;0.2809639885288068;0.0;0.0;0.0;0.3205298992953809;0.15843651981272655;0.0;0.0;0.043021964896106574;0.0;0.020668606470777628;0.0;0.6134574013563918;0.0;0.0371369437307604;0.0096158188720478;0.0062366095772817326;0.0
6;autopista norte;0.0;0.0;0.0;0.0;0.0;0.0;0.0;0.021324623436032426;0.0;0.0;0.0;0.0;0.07889498839457651;0.0;0.0;0.0;0.01538392829143113;0.0;0.045628292384706115;0.0;0.0;0.0;0.0;0.0;0.0;0.0;0.0;0.0;0.0;0.0;0.0;0.0;0.0;0.0;0.0;0.0;0.0;0.0;0.0;0.0018956870889352201;0.034710711484737214;0.0;0.1548344325283966;0.030068461579839847;0.0;0.0;0.0;0.0;0.0;0.0;0.0;0.03326304952566057;0.0;0.0;0.0;0.0;0.0;0.0;0.0;0.0;0.0;0.03920739925161463;0.0;0.03434051958243952;0.0;0.0;0.0;0.0;0.0;0.0;0.0;0.0;0.0;0.018925740035269097;0.0;0.0;0.06820938216844184;0.0;0.011454773693178762;0.0
7;autoridad continuan;0.0;0.0;0.0;0.0;0.0;0.0;0.0;0.0;0.0;0.0;0.0;0.0;0.0;0.0;0.0;0.0;0.0;0.0;0.0;0.0;0.0;0.0;0.0;0.0;0.0;0.0;0.0;0.0;0.0;0.0;0.0;0.0;0.0;0.0;0.0;0.0;0.0;0.0;0.3147356332546337;0.3450646407020776;0.0;0.0;0.0;0.0;0.0;0.0;0.0012395563277091408;0.0;0.0;0.0;0.0;0.0;0.0;0.0;0.0;0.0;0.0;0.0;0.0;0.0;0.0;0.0;0.0;0.0;0.0;0.0;0.0;0.0;0.0;0.0;0.0;0.0;0.0;0.0;0.0;0.0;0.0;0.0;0.0;0.0
8;bueno comenzar;0.0;0.0;0.05674701586783613;0.0634787202107486;0.0;0.03395480151424976;0.0;0.0;0.0;0.0;0.05583121139065895;0.5906277846037465;0.026189646264970168;0.0;0.0;0.19018468871199037;0.2757663193709401;0.030481042526647108;0.06058629890423978;0.013394557650745136;0.0;0.0;0.0;0.02538309547071405;0.0802214928576332;0.0;0.0;0.0;0.0;0.0;0.0;0.11897099160959429;0.0;0.00833799746443578;0.007044423888855503;0.040861818054778266;0.0;0.16067508008121542;0.0009862654200405174;0.0025171370348637946;0.0;0.02441428670391498;0.0004848885148344734;0.01996279836101695;0.10961914066423863;0.09588964723726205;0.0005515723694801539;0.2541722800573884;0.04107100518146666;0.0;0.010650233282442207;0.044167444269812166;0.0;0.0;0.0;0.0;0.0;0.0;0.003445556746632336;0.0;0.0;0.0;0.0;0.0;0.0;0.0;0.0;0.0;0.7409514765865826;0.0;0.01748707427309497;0.0;0.05040682693345354;0.012565017041324636;0.0;0.0;0.0;0.019542638187051483;0.0;0.0
9;bueno noche;0.0;0.0;0.02113991377072416;0.0;0.0;0.01264915106346834;0.0;0.0;0.0;0.0;0.04159749993770408;0.0;0.0;0.002966389357157187;0.0;0.020242665040356933;0.0;0.0;0.0;0.0;0.03639097485117989;0.020768845741809653;0.03086220489693846;0.0;0.0;0.007460396241573673;0.0;0.0;0.0;0.23837217553154494;0.0;0.0;0.0;0.018636879284987543;0.0;0.017124992549924858;0.09205617634192555;0.0;0.0;0.0;0.10301848445473964;0.05457019099258379;0.0005419052210193062;0.0;0.0;0.0;0.0;0.008115991401711292;0.0;0.7423564231175005;0.04761025963091088;0.23446461940027546;0.0;0.029204189019599563;0.0;0.011904384042013095;0.0;0.0;0.0;0.009102735496228104;0.0;0.0;0.0;0.0;0.0;0.0;0.0;0.03084514809834584;0.011251058720540611;0.0;0.01954333121743973;0.0;0.0;0.09829751973915794;0.0;0.013795885911190329;0.0;0.008736241294285692;0.0;0.0
10;bueno noticiar;0.0;0.0;0.0738377677097081;0.316621409637892;0.0;0.07363520085583491;0.20066508526531393;0.17500510514195722;0.0;0.04044452940664116;0.2300461299941872;0.10978711264254008;0.15334784472495183;0.010361043600549163;0.18917110428076628;0.06481185845941262;0.09967224766739623;0.1586446161591351;0.14781252138772544;0.09585760972548729;0.1059223946753751;0.08463197917772922;0.05389795674912765;0.049541753300781866;0.26095539405734913;0.028229250518188295;0.0;0.18954285617036296;0.0;0.027752981896786377;0.043335804058843436;0.025800335954000025;0.0;0.07594432541861065;0.009166024447266946;0.009969066380353846;0.0;0.017422192542257117;0.0051332135000491125;0.007369277447821202;0.14992679660133001;0.206487101016244;0.0;0.1688380419108136;0.05186677313573237;0.15596144991484626;0.002870767519308633;0.02362303422619473;0.13360135743773127;0.008418546227516062;0.04157343460991879;0.014367387608192768;0.014400181241839553;0.05100238696256831;0.06621616681692735;0.027719859003985214;0.24458037478976538;0.1332088663910321;0.00044832704380611373;0.006182196566227562;0.05364917564620451;0.1354795570917343;0.2228970710049701;0.14832781796720865;0.23454338121681895;0.2240115026928212;0.06357147057934551;0.08978028107393372;0.002619856351057403;0.0;0.011376867209250442;0.10821015394254768;0.1967642273964242;0.04087319814872011;0.01946695854720052;0.15259042819705737;0.14730919836038311;0.025428381683560097;0.0;0.0
11;bueno tarde;0.0;0.0;0.05507203832382509;0.0;0.0;0.021968381381507664;0.0;0.0;0.0;0.0;0.0;0.0;0.0;0.041214954203388894;0.0;0.0615236960344905;0.0;0.014790673275994258;0.0;0.0;0.07900241786625167;0.018035120373709575;0.026799928471416132;0.0;0.0;0.006478412229789521;0.0;0.18849452907009723;0.0;0.0;0.03232209120006501;0.0;0.0;0.032367553351162565;0.006836496623538004;0.054526611069920995;0.4156836667270698;0.0;0.005742925457412882;0.0;0.022364636809330804;0.18954928465501059;0.0;0.0;0.009671232644431088;0.023264828320698146;0.0037470428962791983;0.03523856927378313;0.0;0.6237128659506085;0.49612199395664197;0.7929797929712218;0.0;0.10144060405335793;0.0;0.10337454562550297;0.029187317420825015;0.0;0.0;0.006587147100252872;0.0;0.0;0.027708033475304452;0.0;0.0;0.0;0.0;0.026785116795330122;0.029310372017661904;0.0;0.0;0.0;0.024459495025490812;0.1585238300717454;0.029038935504513773;0.04791994050384852;0.0;0.03413845159799371;0.0;0.023986855515084064
12;calidad aire;0.0;0.0;0.32911453637478594;0.11625987404842336;0.0;0.0;0.0;0.07778834343394755;0.0;0.0;0.017042271758417882;0.0;0.023982879349406194;0.0;0.07607691800573277;0.0;0.0;0.0697816952131264;0.013870308538597385;0.061329591248843886;0.014909186463040808;0.017017768556795432;0.0;0.0;0.0;0.0;0.0;0.0;0.09301446381348984;0.0;0.5489787374023306;0.0;0.0;0.03817714549903751;0.0;0.0046773448297577225;0.0021551382746001838;0.0;0.0;0.001152520221202942;0.021103059208453515;0.5365707224888828;0.00399628172460964;0.10968427287446722;0.00912568341056215;0.04390494276404837;0.0;0.02660062383827596;0.1128309583176885;0.00394986272224531;0.26332650492236737;0.010111462334939383;0.0;0.07178879401429088;0.01331472349526663;0.01950864818937557;0.0137704379668401;0.0;0.007572553297739775;0.0;0.0;0.0;0.026145037630801483;0.020877993766158752;0.0;0.0;0.0;0.0;0.005531397816864671;0.0;0.16013595152168786;0.0;0.06923924266676948;0.03451882679244711;0.0;0.03391260107440162;0.0;0.042950292255245576;0.006964154784694619;0.0
13;calidad vida;0.0;0.0;0.17887200159343736;0.03334849586079612;0.0;0.026757192504655528;0.04289216420952831;0.06693945620338561;0.0;0.09797687759078032;0.05866176620395561;0.03324491177865294;0.10319032588757027;0.018824722072246176;0.09820007656913679;0.0;0.024145603255066855;0.01200989383321549;0.01193586172374628;0.02111046105955204;0.02565970144661257;0.11715484584954618;0.0;0.0;0.0;0.007890618801024131;0.0;0.0;0.10672271880103254;0.0;0.026245247700138582;0.03125065855199428;0.0;0.09198756895452706;0.005551173845012698;0.04427511836784608;0.011127408897761483;0.021102631815953822;0.003108802587891335;0.0;0.18159884184205982;0.057717118646064235;0.0015284148051082126;0.11011812480106267;0.816707219027275;0.49116162172681566;0.0;0.04005876237555752;0.0;0.020393929298389298;0.10071165058816287;0.00870124957342223;0.0;0.020592214808696427;0.03437328695764307;0.016787840483694604;0.04739967910310096;0.0;0.002172144640378248;0.0021394817088201084;0.051986053908901035;0.020512452759325405;0.0;0.01796620788706027;0.0;0.0;0.0;0.0;0.006346602341003646;0.0;0.0826813867497437;0.04368985192991919;0.11916534142376703;0.0;0.0;0.029182920912699445;0.19627110338832898;0.03080012891845777;0.0;0.0
14;capturar responsable;0.0;0.0;0.0;0.0;0.0;0.0;0.0;0.0;0.0;0.0;0.0;0.0;0.0;0.0;0.0;0.0;0.0;0.0;0.0;0.0;0.0;0.0;0.0;0.0;0.0;0.0;0.0;0.0;0.0;0.0;0.0;0.0;0.0;0.0;0.0;0.0;0.0;0.0;0.3943382945614662;0.3819569954423284;0.0;0.0;0.0;0.0;0.0;0.0;0.0;0.0;0.0;0.0;0.0;0.0;0.0;0.0;0.0;0.0;0.0;0.0;0.0;0.0;0.0;0.0;0.0;0.0;0.0;0.0;0.0;0.0;0.0;0.0;0.0;0.0;0.0;0.0;0.0;0.0;0.0;0.0;0.0;0.0
15;cedulas terminar;0.0;0.0;0.0;0.029066589318161227;0.0;0.0;0.0;0.019448170323949358;0.0;0.0;0.025564833179370597;0.0;0.0;0.06198445752576551;0.0;0.0;0.042090673989248435;0.0;0.04161324604631938;0.0;0.0;0.025528076327307782;0.0;0.0;0.0;0.0;0.0;0.0;0.0;0.0;0.0;0.0;0.0;0.03436134700053835;0.0;0.0;0.0;0.0;0.06638608432390233;0.041493041691018966;0.0;0.0670750805399867;0.0;0.05484519470536113;0.0;0.03293054334021812;0.0;0.6284747830798915;0.0;0.0;0.0;0.0;0.0;0.0;0.09986599492459258;0.6730858950310792;0.0;0.0;0.0;0.0018647748445259956;0.0;0.0;0.0;0.0;0.0;0.0;0.0;0.0;0.0;0.0;0.0;0.0;0.0;0.0;0.0;0.0;0.21772562133575857;0.0;0.0;0.0
16;ciencia tecnologia;0.0;0.05448881560852202;0.06551385451184888;0.10992830839345928;0.0;0.029400355582981017;0.10996811610996846;0.012258659141017245;0.0;0.0;0.06445656752747563;0.0;0.06803028247355314;0.006894763250149563;0.0;0.04704992035809299;0.02653078499700724;0.026392540932607244;0.03934477566804251;0.09278328607360663;0.09868057767768373;0.08045486567879576;0.0;0.02197839478821754;0.0;0.011560106613302874;0.0;0.0;0.08794885377978984;0.036936479961128005;0.4614054271131674;0.5837409156064737;0.0;0.0;0.03049768485948605;0.0;0.0;0.0;0.0017079501428521326;0.0;0.0;0.021139534863683793;0.0;0.08642568121020233;0.0;0.04151385959831031;0.0;0.012575970878544316;0.1066861329740501;0.0;0.0;0.0;0.0;0.0;0.10071678074942195;0.027669297494782488;0.7031066569766827;0.7091514191009034;0.0005966790498823399;0.0;0.0571214065157165;0.022538740000406895;0.19776933585462247;0.0;0.028377644845348327;0.0;0.06345551510156813;0.09559095495034453;0.0017433851247362876;0.0;0.015141487471785953;0.0;0.34916502398787497;0.0;0.0;0.0;0.03921080101276011;0.01015279994767866;0.0;0.021401124012856522
17;conducir capturar;0.0;0.0;0.04250945508376499;0.0;0.0;0.0;0.0;0.0;0.0;0.0;0.0;0.0;0.0;0.0;0.0;0.0;0.0;0.0;0.0;0.0;0.0;0.0;0.0;0.0;0.0;0.0;0.0;0.0;0.0;0.0;0.0;0.0;0.0;0.0;0.0;0.0;0.0;0.0;0.36571394004939833;0.3535498367849155;0.0;0.0;0.0;0.0;0.0;0.0;0.0;0.0;0.0;0.0;0.0;0.0;0.0;0.0;0.0;0.0;0.0;0.0;0.0;0.0;0.0;0.0;0.0;0.0;0.0;0.0;0.0;0.0;0.0;0.0;0.0;0.0;0.0;0.0;0.0;0.0;0.0;0.0;0.0;0.0
18;conocer mas;0.0;0.0;0.2449002289466174;0.0;0.0;0.0;0.0;0.02291231719292823;0.0;0.0;0.0;0.0;0.0;0.0;0.06722466629802419;0.021984922795095802;0.008264658125004477;0.024664780316465296;0.012256370097531841;0.04335466171841586;0.03952309495545334;0.0;0.06703694306979016;0.020539601720961684;0.06491397058557441;0.018905838163334646;0.0;0.0;0.2465741168805097;0.2416292983543069;0.10779999854533588;0.03208981855435092;0.0;0.006746976438216171;0.0;0.004133092580295612;0.003808736082741409;0.0;0.001596140938930121;0.003055241562214224;0.03729504691682784;0.019755656900804212;0.0;0.01615358253071332;0.040319129513778924;0.019398098684311804;0.0013389710647167322;0.035258093539868786;0.0;0.0;0.0344720052145066;0.008934900349145571;0.03582117721445841;0.444048535829126;0.011765432502829742;0.05171591064023526;0.09734496310996316;0.0;0.0;0.003295398386028987;0.20018254589552653;0.18956938057822048;0.11551410573358609;0.0;0.0;0.0;0.03953430993614985;0.0;0.0016292562060778479;0.0;0.028300531056084172;0.0;0.02039420586872684;0.5083707106244524;0.33897528938302013;0.07991081834143612;0.018321953075338536;0.0063254382098828;0.024615244345918743;0.0800004855387588
19;continuan hacer;0.0;0.0;0.0;0.0;0.0;0.0;0.0;0.030045403097932608;0.0;0.0;0.0;0.0;0.0;0.0;0.0;0.0;0.0;0.0;0.0;0.0;0.0;0.0;0.0;0.0;0.0;0.0;0.0;0.0;0.0;0.0;0.0;0.0;0.0;0.0;0.0;0.0;0.0;0.0;0.29302744244697165;0.3231831329430252;0.0;0.0;0.0;0.0;0.0;0.0;0.0;0.0;0.0;0.0;0.0;0.0;0.09394612511588872;0.0;0.0;0.0;0.0;0.0;0.0;0.0;0.0;0.0;0.0;0.0;0.0;0.0;0.0;0.0;0.0;0.0;0.0;0.0;0.0;0.0;0.0;0.0;0.0;0.0;0.0;0.0
20;cuidar total;0.0;0.0;0.0;0.19043616063224583;0.0;0.11318267171416586;0.0907167248580446;0.25483794106526364;0.0;0.31083095050069787;0.16749363417197685;0.0;0.026189646264970168;0.010617119555388027;0.08307707938115498;0.0;0.06128140430465336;0.09144312757994132;0.12117259780847955;0.0;0.0;0.01858364595127896;0.02761502955968118;0.0;0.0;0.006675448608612811;0.0;0.0;0.0;0.0;0.0;0.0;0.0;0.10005596957322935;0.007044423888855503;0.0;0.016474092109249636;0.0;0.036491820541499145;0.04279132959268451;0.0;0.09765714681565991;0.0;0.0;0.02989612927206508;0.09588964723726205;0.0;0.029048260577987248;0.08214201036293332;0.0;0.0;0.044167444269812166;0.0;0.0;0.0;0.0;0.0;0.0;0.0;0.005429992459314627;0.0;0.0;0.0;0.022799066929863374;0.13109464549788635;0.0;0.07328548847570635;0.0;0.0;0.0;0.0;0.11088459674603415;0.07561024040018031;0.012565017041324636;0.0;0.0;0.20378247903510827;0.003908527637410297;0.007604956339413325;0.0
21;dar iniciar;0.0;0.0;0.12251941372445678;0.015228163621880552;0.0;0.008145552895376733;0.039172315141632476;0.01018901518157335;0.0;0.044739886600623016;0.026787144398692318;0.0;0.05654464921130326;0.001910237398206951;0.029894538370749256;0.09124832852544534;0.05880416294667899;0.03290498542489652;0.010900716845285055;0.07711857386074548;0.12888891514734788;0.08024589036069762;0.01987403907144399;0.03653551266703682;0.0;0.007206300079107308;0.0;0.0;0.024366781501300273;0.06140090049792887;0.047938225213249946;0.11416170461366738;0.0;0.006000706500337736;0.0;0.011027817752229229;0.00338745919436172;0.038544986435016436;0.002129392342347975;0.003623076315811793;0.09950974299980472;0.035141044249575204;0.0010468965751010441;0.05746746477236642;0.035859509037393274;0.03450502545401456;0.00198478346693178;0.03135826440652938;0.029558062210865536;0.006208417785823377;0.01532956189076723;0.00794662840399116;0.04778859973699161;0.056419027308343764;0.0313922427085049;0.22997857187700044;0.021644456530202923;0.0;0.0;0.0009769669272020783;0.42729778545734637;0.1498679823924846;0.08218985218089736;0.0;0.0;0.0;0.017580748413206497;0.0;0.008694284080628976;0.0;0.0755107931203123;0.0;0.054415327300913634;0.00904281630671296;0.0;0.035536019093876076;0.0;0.08157401003265932;0.016419450042537382;0.10672768120623397
22;desarrollar economico;0.0;0.0;0.03514275217071096;0.19655808313126236;0.0;0.06308341450412529;0.10112362025043914;0.09206056225620246;0.0;0.0;0.06915121069492529;0.11756853131289532;0.12164202390906202;0.0;0.0;0.0;0.04743855626627363;0.09910187279357044;0.014070140438911933;0.024885270851215224;0.10586789958335376;0.0;0.0;0.0;0.0;0.00930155838345974;0.0;0.0;0.0;0.0;0.1546911021348013;0.0;0.0;0.01549086805772099;0.0;0.0;0.0;0.0;0.0009161736710107212;0.0023382495531207663;0.14984966206710526;0.04535843236542781;0.000900857074860408;0.01854408548290008;0.027771476062776;0.0;0.0010247466296728813;0.02023789767143814;0.152608710899177;0.0;0.009893344251180162;0.0;0.08224441495872879;0.0;0.6618209983689873;0.10884341935776302;0.08381298608878301;0.0;0.0012802753940651071;0.0;0.16852494732296044;0.09672132528012188;0.3713039910476999;0.0847151463300577;0.48711213097469663;0.0;0.0;0.0769149349693808;0.0;0.0;0.0;0.10300426842014204;0.2341226141423828;0.0;0.0;0.0;0.0;0.05083059851304856;0.0;0.0
23;desarrollar medellinfuturo;0.0;0.0;0.04981965866690744;0.03715306288383579;0.0;0.21860512607165358;0.015928507248146425;0.049717501225351825;0.0;0.05457729052438952;0.17972405168774278;0.0;0.11496280619994602;0.006990780891991103;0.10940324370850141;0.00795085758750611;0.09863427642365001;0.16056052759064185;0.10638052715689175;0.0;0.0;0.01631505875543545;0.0;0.0;0.0;0.005860547308851008;0.0;0.0;0.0;0.0;0.0;0.0;0.0;0.021960424594547234;0.030922400788893883;0.0;0.0;0.0;0.002597603019117116;0.005524647683096204;0.18208491012241582;0.12860356565897865;0.00042569604641094766;0.12268096385700947;0.008748859201482781;0.16836795457849765;0.0;0.031877764952283554;0.10817186214758465;0.0;0.0;0.009693932641482196;0.0;0.0;0.2042387594238694;0.03740616642969755;0.05280727699810285;0.35951359099033814;0.0;0.0023835647280288563;0.0;0.0;0.0;0.02001588480027122;0.17263702042874426;0.0;0.0643392073620327;0.12115271349229338;0.0017676638015269902;0.0;0.03070470078629248;0.38939371008837137;0.17701377765169107;0.011031150282872815;0.0;0.0;0.1590274290991631;0.0411767582435267;0.0;0.0
24;dia hoy;0.0;0.040941289336507224;0.024612589236569365;0.12389533420613165;0.0;0.03681760042791746;0.05901914272509233;0.018421590014942864;0.0;0.0;0.04843076420930257;0.08234033448190506;0.03407729882776707;0.005180521800274581;0.0810733304060427;0.017675961398021627;0.03322408255579874;0.049576442549729725;0.059125008555090175;0.07842895341176233;0.04236895787015004;0.012090282739675601;0.34135372607780845;0.03302783553385458;0.10438215762293965;0.01520036566363985;0.0;0.1263619041135753;0.022027391794077887;0.16651789138071826;0.043335804058843436;0.0;0.0;0.021698378691031615;0.01833204889453389;0.013292088507138462;0.07349371851018598;0.0;0.0032082584375306956;0.005731660237194268;0.029985359320266;0.04765086946528708;0.012933953301442175;0.11688787516902481;0.012966693283933092;0.062384579965938505;0.002870767519308633;0.02362303422619473;0.026720271487546257;0.008418546227516062;0.02771562307327919;0.02155108141228915;0.04320054372551866;0.06800318261675774;0.04729726201209097;0.05543971800797043;0.009783214991590615;0.0;0.0013449811314183411;0.0035326837521300358;0.010729835129240901;0.050804833909400354;0.018574755917080844;0.04449834539016259;0.06396637669549608;0.37335250448803536;0.031785735289672754;0.08978028107393372;0.003929784526586105;0.0;0.04550746883700177;0.07214010262836512;0.06558807579880807;0.0;0.09733479273600261;0.016062150336532355;0.029461839672076624;0.0;0.03463381234512128;0.06432069411321878
25;dia internacional;0.0;0.05092176119458671;0.1377563787824723;0.0;0.0;0.009158563822152799;0.0;0.0;0.0;0.10060780700601751;0.030118492230023122;0.238963358016981;0.12715349964687978;0.0;0.0;0.07328307598365266;0.04132329062502238;0.012332390158232648;0.09805096078025473;0.05419332714801982;0.013174364985151113;0.0;0.0;0.4313316361401954;0.38948382351344646;0.0;0.0;0.07858290261058118;0.027397124097834413;0.034518471193472414;0.1886499974543378;0.0;0.0;0.08771069369681023;0.11400474083049246;0.0371978332226605;0.05903540928249183;0.06500787414126508;0.007980704694650604;0.009165724686642672;0.07459009383365568;0.07902262760321685;0.0;0.01615358253071332;0.0;0.0;0.0;0.035258093539868786;0.03323401157593914;0.010470779195048524;0.00861800130362665;0.008934900349145571;0.07164235442891682;0.04229033674563105;0.0;0.034477273760156836;0.0;0.0;0.0;0.001098466128676329;0.04003650917910531;0.021063264508691167;0.16171974802702052;0.018448646458003065;0.0;0.0;0.0;0.022333297787732798;0.014663305854700631;0.0;0.014150265528042086;0.0;0.18354785281854155;0.030502242637467144;0.14527512402129433;0.0;0.0;0.0126508764197656;0.01846143325943906;0.0800004855387588
26;educacion superior;0.0;0.0;0.1056995688536208;0.0;0.0;0.02529830212693668;0.0;0.04746727221899629;0.0;0.0;0.0;0.0;0.058538429405699324;0.0;0.0;0.14169865528249853;0.10273097401190184;0.017032612221120843;0.0;0.7185401676913628;0.5822555976188782;0.4984522978034317;0.0;0.0;0.0;0.15666832107304715;0.0;0.0;0.0;0.0;0.0;0.0;0.0;0.009318439642493771;0.01574551661941126;0.011416661699949905;0.0;0.0;0.0;0.0;0.02575462111368491;0.0;0.0;0.0;0.05568588807927899;0.0;0.0;0.016231982803422584;0.0;0.0;0.0;0.0;0.0;0.0;0.01624957099664036;0.03571315212603928;0.06722293841897592;0.0;0.0015402841133127293;0.0015171225827046839;0.0;0.0;0.0;0.025479946473632553;0.0;0.0;0.027300975801618083;0.03084514809834584;0.002250211744108122;0.0;0.0;0.0;0.028167013503691503;0.0;0.0;0.0;0.0;0.017472482588571384;0.0;0.027622732296817405
27;eficaz conducir;0.0;0.0;0.0;0.0;0.0;0.0;0.0;0.0;0.0;0.0;0.0;0.0;0.0;0.0;0.0;0.0;0.0;0.0;0.0;0.0;0.0;0.0;0.0;0.0;0.0;0.0;0.0;0.0;0.0;0.0;0.0;0.0;0.0;0.0;0.0;0.0;0.0;0.0;0.3943382945614662;0.3819569954423284;0.0;0.0;0.0;0.0;0.0;0.0;0.0;0.0;0.0;0.0;0.0;0.0;0.0;0.0;0.0;0.0;0.0;0.0;0.0;0.0;0.0;0.0;0.0;0.0;0.0;0.0;0.0;0.0;0.0;0.0;0.0;0.0;0.0;0.0;0.0;0.0;0.0;0.0;0.0;0.0
28;espaciar publicar;0.0;0.0;0.21498865711189133;0.1763608190379813;0.0;0.09433549676874549;0.09623164559116076;0.11800129728254088;0.0;0.5181427807365445;0.0705063633640406;0.0958980125510011;0.25797373951825836;0.020111720772466327;0.0;0.013724254572312092;0.03095565259460208;0.10393093751207634;0.034430093393293816;0.01014917848243608;0.012336295690228778;0.0;0.06277247919046311;0.019233002917021343;0.06078455671093386;0.005058048286900469;0.0;0.1471679164640148;0.0;0.0;0.12617806047581595;0.0;0.0;0.037906660298535774;0.01067524844315463;0.003870171521973547;0.0;0.0;0.05380576581050585;0.061032245955891296;0.4365321659388371;0.14799142143562463;0.003306640046286406;0.24201590987345228;0.00755085659483726;0.10898469025305968;0.0;0.35216211108714457;0.6535173785562114;0.0;0.14525601987515663;0.008366518826070295;0.016771230893774115;0.05940014181193583;0.0;0.008071012230525773;0.011394061974072668;0.0;0.0;0.00617153220712747;0.0;0.0;0.0;0.08637530463401198;0.24832902099900978;0.0;0.11105816587695667;0.29277633630243727;0.0015256132903536757;0.0;0.8480074015058323;0.16803654031319903;0.057290568672018816;0.6283614478519634;0.0;0.00935342505140871;0.12009498879850268;0.005923054068665653;0.2823548937834275;0.03745568177594708
29;facebook live;0.0;0.0;0.015104244070365412;0.03379201773607362;0.0;0.0;0.014487537706419374;0.0;0.0;0.0;0.0;0.03368705602638907;0.04182508665025885;0.0;0.033168699651499454;0.06508426218011903;0.02446673027920899;0.04867848278548303;0.06047301994485333;0.010695610943276349;0.0;0.19290855871514345;0.13230430749207836;0.10134254552097682;0.12811440276959588;0.021321495804853607;0.0;0.4652743413338459;0.10814208897517559;0.17031439001414175;0.026594299169376567;0.1583314000818868;0.0;0.026631704980766932;0.022500009093030068;0.03262833456277229;0.0;0.0;0.0070878339883633425;0.006029833709585259;0.0;0.1364643784408267;0.0003871855301801701;0.0956422736050418;0.0;0.05742621670007417;0.0013212986105650044;0.005798789736512496;0.03279537136829729;0.0;0.0;0.017633945539159774;0.035348390215049014;0.10433041582222286;0.01161014605044812;0.017011112157603613;0.0360225571407064;0.0;0.00495232494648591;0.0010839679869256967;0.026338723986997315;0.020785260311196197;0.022797897793069316;0.0;0.07850972172161241;0.0;0.1950625751547963;0.08815412405497691;0.03537055310423075;0.0;0.027927005555244466;0.0;0.020125032263954266;0.020066438515372615;0.07167885273144552;0.0;0.0;0.0;0.0;0.0
30;feliz dia;0.0;0.0;0.045918792927490765;0.03424398815317696;0.0;0.0;0.08808785674690062;0.02291231719292823;0.0;0.0;0.030118492230023122;0.03413762257385443;0.04238449988229326;0.006443404647290917;0.13444933259604838;0.007328307598365267;0.06611726500003581;0.06166195079116324;0.024512740195063682;0.07587065800722775;0.0;0.13533834678387432;0.06703694306979016;0.06161880516288506;0.06491397058557441;0.005401668046667042;0.0;0.0;0.027397124097834413;0.0;0.0;0.03208981855435092;0.0;0.0;0.0;0.07852875902561662;0.03046988866193127;0.17335433104337353;0.0;0.0010184138540714081;0.03729504691682784;0.0;0.0003923641616232135;0.03230716506142664;0.040319129513778924;0.15518478947449443;0.0013389710647167322;0.011752697846622927;0.06646802315187827;0.0034902597316828414;0.1206520182507731;0.22337250872863929;0.10746353164337524;0.06343550511844658;0.011765432502829742;0.04309659220019604;0.02433624077749079;0.0;0.0;0.005492330643381644;0.02669100611940354;0.0;0.023102821146717217;0.0;0.05303986287613925;0.0;0.0;0.0;0.0032585124121556957;0.0;0.0;0.0;0.0;0.020334828424978094;0.02421252067021572;0.15982163668287225;0.054965859226015615;0.0;0.0;0.6200037629253806
31;feriar flor;0.0;0.0;0.07653132154581793;0.22258592299565022;0.0;0.06410994675506959;0.029362618915633534;0.1603862203504976;0.0;0.10060780700601751;0.04517773834503468;0.238963358016981;0.02119224994114663;0.0042956030981939446;0.1008369994470363;0.021984922795095802;0.05785260687503133;0.09865912126586118;0.24512740195063681;0.02167733085920793;0.0;0.0;0.02234564768993005;0.1437772120467318;0.0;0.0;0.0;0.0;0.0;0.0;0.0;0.0;0.0;0.006746976438216171;0.02280094816609849;0.004133092580295612;0.005713104124112113;0.02166929138042169;0.0023942114083951816;0.0020368277081428163;0.07459009383365568;0.09877828450402105;0.0003923641616232135;0.06461433012285328;0.024191477708267354;0.0;0.0004463236882389107;0.04701079138649171;0.0;0.0;0.00861800130362665;0.017869800698291142;0.19701647467952127;0.06343550511844658;0.011765432502829742;0.06895454752031367;0.0;0.0;0.00892188908820235;0.0340524499889662;0.0;0.0;0.18482256917373774;0.07379458583201226;0.13259965719034814;0.0;0.05930146490422478;0.08933319115093119;0.0;0.0;0.0;0.0;0.04078841173745368;0.11184155633737952;0.0;0.03995540917071806;0.16489757767804683;0.0347899101543554;0.0;0.10000060692344849
32;fin semana;0.0;0.0;0.15604228647817325;0.20140736429199776;0.0;0.12927948872324616;0.08059211952062731;0.19764755337525136;0.0;0.11834575543970377;0.09447631873349531;0.18739631955358774;0.08309536815574056;0.013474537980125491;0.0263589680694323;0.04597517824946717;0.07777425934319705;0.07736900070804865;0.08650358782122618;0.059498168215618576;0.051657030834357825;0.04717024083102397;0.38551863238548056;0.45100337720092926;0.15271762930049798;0.006354024649191337;0.0;0.12325024933751122;0.10742484255519712;0.7308782895533601;0.06340299348480823;0.05033000826679433;0.0;0.042328114674271965;0.013410467416793307;0.009723578681882268;0.0;0.0;0.013142872067198278;0.0231607191954188;0.35096365841805455;0.07746244914484063;0.0027692463137768963;0.1520126904299208;0.03794216757507915;0.030424181597908485;0.005950159440316333;0.05529916401139642;0.05212457261242338;0.03284496000212612;0.013516563707586441;0.2732650341926882;0.7865523450022041;0.5306288645809838;0.03690605567787133;0.05407451807264741;0.00954230387310602;0.0;0.0013118610467642484;0.006029960323771302;0.02093122708630115;0.0330358451560757;0.2717603039725417;0.028935050759785808;0.04159413884663086;0.07283174401610029;0.09300904004201581;0.07005555736487443;0.017887397751164342;0.0;0.022193424989220802;0.14072731332361177;0.031986486562061184;0.1514934521910089;0.303801372619892;0.0313332415772219;0.21552257646387743;0.01240110460796502;0.009651701904460267;0.2979998030457075
33;fondo sapiencia;0.0;0.0;0.0;0.0;0.0;0.0;0.0;0.021872288555643393;0.0;0.0;0.05750272636058759;0.0;0.0;0.0;0.0;0.027982653533695123;0.06311609107074806;0.0;0.0;0.538027368580262;0.25152716773799455;0.3732303219896793;0.0;0.0;0.0;0.917852949322117;0.0;0.0;0.0;0.0;0.0;0.0;0.0;0.0;0.0;0.0;0.0;0.0;0.0015236894155136072;0.0019443726706253716;0.0;0.0;0.0;0.0;0.0;0.0;0.0;0.0;0.0;0.0;0.0;0.0;0.0;0.0;0.0;0.01645614614061844;0.0;0.0;0.00532306845471629;0.0;0.0;0.0;0.0;0.0;0.0;0.0;0.22643868644728685;0.0;0.0;0.0;0.0;0.0;0.0;0.0;0.0;0.0;0.0;0.0;0.0;0.0
34;haber ser;0.0;0.0;0.09057762984012659;0.043423947502860744;0.0;0.07742497609328376;0.049645339852962794;0.1355878445296512;0.7019506804754754;0.04252608380255634;0.03819250899199097;0.17315627185579446;0.14332460651416726;0.010894294355828086;0.028415307694935367;0.01858568826812924;0.06288124133391701;0.11468157397681872;0.07252932077052966;0.0;0.0334121674694981;0.0;0.26446894736877397;0.3820044328786349;0.3292631498762758;0.009132960745776478;0.0;0.0;0.13896643968361494;0.17508805040808836;0.0;0.0;0.0;0.07414916240660738;0.04336997074134253;0.03494047761579024;0.0;0.0;0.007421430591179744;0.012053301999092091;0.09458583808573202;0.11690772757257904;0.0019901888390006003;0.09559179101480188;0.06817024370470698;0.016398830166528957;0.0011319438799403728;0.024838838476109334;0.028095480926027597;0.00885182267217223;0.029142060168483454;0.0;0.09084788324849385;0.10725464303434024;0.06962410739975919;0.03643314263674417;0.07200708691290758;0.0;0.0014142031356696038;0.005571750030042722;0.05641033219919052;0.07122613469536698;0.03906148190277138;0.10917325326232251;0.11209754593954548;0.6281084785185461;0.10026494528324546;0.13216139087024042;0.004132038338815444;0.0;0.02392479850546588;0.0;0.06896369048642041;0.01719072591771135;0.08187544992655574;0.033777638720576736;0.01548907455783722;0.034758232032715164;0.052023295956164284;0.13526216119840354
35;hacer partir;0.0;0.0;0.2370983666801668;0.10608981389237375;0.0;0.14186874599234953;0.10233793761098949;0.10647548363676555;0.0;0.27272759643062416;0.1166359924663747;0.05288014365307384;0.16413697509181124;0.003327005394380594;0.07809968319803455;0.06811053541243367;0.051208757487230666;0.08596449643908492;0.10442005312798483;0.12592049659106125;0.35713062473224716;0.1979961005578744;0.2769123262308214;0.31816424451690883;0.3016607335994407;0.04183668350893609;0.0;0.0;0.7851200333164691;0.13367522236253493;0.3965899665917433;0.12427009315631107;0.0;0.04703065866031145;0.04414914262999317;0.016005693491444012;0.007374800000947713;0.11748220998761606;0.004944934988285976;0.005521431603730929;0.07221385416644549;0.16831139454377564;0.0006077831924606329;0.12511178288527455;0.12491094574866224;0.060096407873964745;0.0034568401327278657;0.06371841571088276;0.20592169856017634;0.010813022236603197;0.17354386344213135;0.048441447420156325;0.20808006542027868;0.13101785734537974;0.08201244588573302;0.1268398982673881;0.3769752581643251;0.12832296653171044;0.0;0.00680622050428647;0.6511857027499025;0.16313796466238806;0.3578692389567129;0.04286621334541096;0.12324037338108493;0.4315901987843098;0.09185964770068217;0.051892365646166456;0.016404465871966888;0.0;0.1863128755958915;0.0694941127116826;0.12636480864424424;0.15749612409989797;0.15002351947316211;0.42550791090227935;0.07095305981931672;0.009798282832484838;0.02383106890080821;0.2633364101941351
36;hacer realidad;0.0;0.0;0.04846552981407842;0.07228643973335551;0.0;0.019333027707309207;0.17045116725895024;0.04836614907438795;0.0;0.0;0.01589445834774299;0.0;0.2013084840175811;0.006800767183287414;0.24833572516781768;0.0;0.017446061153788175;0.09111456319976331;0.09055290933248361;0.0686387810785161;0.02781007680134954;0.2222024764447698;0.0;0.0;0.0;0.019954389145466312;0.0;0.0;0.0;0.0;0.0;0.0;0.0;0.014242351197584897;0.006016382197144622;0.004362321152277932;0.0;0.0;0.0008423328590686467;0.0032246906240877213;0.019681747853424525;0.0;0.0;0.03409897716530607;0.2297986158676324;0.18426556169386896;0.001413232751124132;0.02480904621255185;0.2455405975050281;0.007367671330205225;0.018191941577306962;0.018860891223387723;0.018903941301376775;0.0;0.012417964048877314;0.0363894439030572;0.17980179996860518;0.34974179127169486;0.0;0.01159388989017728;0.056342672373395526;0.28900911187533;0.0;0.0;0.055981546806279016;0.0;0.020863476092621562;0.047143883398121506;0.0;0.0;0.01493506410130118;0.09470243760541033;0.0215253043372899;0.0;0.0;0.0;0.07735248306088167;0.0066762581201181845;0.0;0.0
37;homicidio autoridad;0.0;0.0;0.0;0.0;0.0;0.0;0.0;0.0;0.0;0.0;0.0;0.0;0.0;0.0;0.0;0.0;0.0;0.0;0.0;0.0;0.0;0.0;0.0;0.0;0.0;0.0;0.0;0.0;0.0;0.0;0.0;0.0;0.0;0.0;0.0;0.0;0.0;0.0;0.3872116988766205;0.36983137653939735;0.0;0.0;0.0;0.0;0.0;0.0;0.0;0.0;0.0;0.0;0.0;0.0;0.0;0.0;0.0;0.0;0.0;0.0;0.0;0.0;0.0;0.0;0.0;0.0;0.0;0.0;0.0;0.0;0.0;0.0;0.0;0.0;0.0;0.0;0.0;0.0;0.0;0.0;0.0;0.0
38;hoy celebrar;0.0;0.0;0.051758645622929485;0.028949298335240497;0.0;0.02322749282798513;0.12411334963240699;0.019369692075664458;0.0;0.0;0.0;0.028859378642632407;0.05374672744281272;0.0;0.0;0.03717137653625848;0.11178887348251912;0.041702390537024986;0.09325198384782386;0.045814137896837345;0.12251128072149302;0.05085012826477533;0.09445319548884785;0.05209151357435931;0.0;0.018265921491552956;0.0;0.0;0.023161073280602486;0.11672536693872558;0.0911323267742077;0.13564099582943223;0.0;0.051334035512266646;0.024094428189634736;0.03494047761579024;0.001609921085217508;0.07327543486804818;0.003373377541445338;0.005165700856753754;0.06305722539048801;0.1503099354504588;0.0006633962796668668;0.12290373130474529;0.0409021462228242;0.032797660333057914;0.0018865731332339544;0.009935535390443735;0.0842864427780828;0.00885182267217223;0.014571030084241727;0.07553416227282005;0.19683708037173667;0.08937886919528353;0.029838903171325374;0.05100639969144184;0.04114690680737576;0.1400647132874878;0.00047140104522320125;0.0018572500100142405;0.022564132879676208;0.03561306734768349;0.1757766685624712;0.015596179037474647;0.022419509187909095;0.15702711962963653;0.1169757694971197;0.13216139087024042;0.013773461129384813;0.0;0.0;0.07585292980056578;0.13792738097284082;0.01719072591771135;0.12281317488983362;0.16888819360288368;0.0;0.024063391407264344;0.0;0.0845388507490022
39;hoy dia;0.0;0.03993311239112295;0.13203578086614662;0.08056294571679909;0.0;0.04309316290774872;0.11513159931518188;0.035935918795500246;0.0;0.19724292573283964;0.023619079683373827;0.16062541676021805;0.1329525890491849;0.0016843172475156864;0.0790769042082969;0.022987589124733584;0.09073663590039657;0.04835562544253041;0.21145321467410846;0.016999476633033878;0.04132562466748626;0.09434048166204793;0.17523574199340025;0.1932871616575411;0.458152887901494;0.008472032865588449;0.0;0.06162512466875561;0.0;0.08120869883926222;0.16907464929282193;0.07549501240019149;0.0;0.1216933296885319;0.04917171386157546;0.029170736045646805;0.007467077065492711;0.11895220422102214;0.006258510508189656;0.007187809405474801;0.14623485767418942;0.123939918631745;0.0009230821045922988;0.10134179361994722;0.06323694595846525;0.21296927118535938;0.001400037515368549;0.04147437300854732;0.02606228630621169;0.019159560001240236;0.0337914092689661;0.0;0.12641019830392566;0.049746456054467224;0.02767954175840349;0.013518629518161853;0.00954230387310602;0.0;0.00043728701558808287;0.002584268710187701;0.02093122708630115;0.0330358451560757;0.054352060794508335;0.028935050759785808;0.02079706942331543;0.07283174401610029;0.07750753336834652;0.08756944670609304;0.014054383947343412;0.0;0.044386849978441605;0.0;0.07996621640515296;0.023920018767001405;0.151900686309946;0.023499931182916423;0.08620903058555096;0.019841767372744033;0.019303403808920535;0.10978940112210278
40;hoy hablar;0.0;0.0;0.20703458249171794;0.014474649167620248;0.0;0.015484995218656754;0.012411334963240699;0.009684846037832229;0.0;0.04252608380255634;0.0;0.0;0.0;0.003631431451942695;0.08524592308480611;0.01858568826812924;0.01397360918531489;0.05212798817128123;0.02072266307729419;0.036651310317469876;0.04454955662599746;0.076275192397163;0.09445319548884785;0.06945535143247906;0.0;0.018265921491552956;0.0;0.13286535911336658;0.06948321984180747;0.11672536693872558;0.022783081693551924;0.0542563983317729;0.0;0.02281512689434073;0.009637771275853893;0.013976191046316097;0.0;0.054956576151036135;0.0006746755082890676;0.0008609501427922923;0.015764306347622003;0.03340220787787973;0.0009950944195003001;0.027311940289943396;0.0204510731114121;0.06559532066611583;0.0003773146266467909;0.01987107078088747;0.028095480926027597;0.0;0.05099860529484604;0.0;0.13627182487274078;0.05362732151717012;0.029838903171325374;0.029146514109395342;0.07200708691290758;0.1400647132874878;0.014142031356696038;0.0009286250050071202;0.16923099659757157;0.017806533673841746;0.05859222285415707;0.04678853711242394;0.08967803675163638;0.0;0.10026494528324546;0.11328119217449181;0.004132038338815444;0.0;0.08373679476913058;0.0;0.15516830359444594;0.008595362958855674;0.20468862481638936;0.04222204840072092;0.01548907455783722;0.08555872500360655;0.005202329595616429;0.016907770149800442
41;hoy plenariacm;0.0;0.0;0.0;0.0;0.0;0.07852187382834805;0.0;0.01637008919260973;0.0;0.0;0.06455598532451053;0.0;0.0;0.02455252526800364;0.04802979000228476;0.0;0.047238588576979906;0.017622165855022368;0.05254061472302512;0.0;0.018825291920232527;0.042975444932129195;0.0;0.0;0.0;0.015437249225949372;0.0;0.0;0.0;0.0;0.0;0.0;0.0;0.10605078976380171;0.008145259862025356;0.0;0.0;0.0;0.0;0.0;0.02664607160115046;0.0;0.0;0.0;0.02304534249421647;0.0;0.0;0.01679382407139429;0.0;0.0;0.0;0.02553475746883197;0.05118608135941412;0.09064512052824865;0.0;0.0;0.03477487054546453;0.0;0.0;0.001569635087545163;0.0;0.0;0.0;0.0;0.03789521935887722;0.0;0.0;0.0;0.0023280988288115357;0.0;0.0;0.0;0.0;0.029057118250444762;0.0;0.0;0.0;0.8405926622766627;0.026380161075432944;0.20005190895490063
42;hoy tener;0.0;0.0;0.07025177952031181;0.09168309239979146;0.0;0.04203543028924356;0.11230566499522883;0.05258079382483243;0.0;0.07696061922805261;0.046078686758359244;0.1305690209558113;0.11347807976235172;0.008214876266390888;0.07713594152865837;0.04484670583308517;0.03793263520615994;0.04716872434575373;0.19688744905148595;0.05803777057904476;0.12093383017080897;0.12653419707590555;0.5469905159677512;0.2828143188417606;0.19862551511608206;0.010330105836394394;0.0;0.18033756103896648;0.1676609160568246;0.2376462321583847;0.22677142004421197;0.04909464544259443;0.0;0.06709488558303256;0.043604346970427324;0.01580818495961227;0.005827036611313357;0.0;0.003052446889831327;0.0023371275999011275;0.01426454859853307;0.12089778187904683;0.00150070803350341;0.09885433357996111;0.04934782325877965;0.07419353085105101;0.00034141830982321663;0.03596122133234459;0.05084516175098746;0.008009693031107877;0.02636959244308354;0.020504436506703444;0.06850412661657655;0.22645194444784741;0.054000280764462505;0.052747245305089625;0.17685362646025274;0.12673947496144392;0.0034124295586275425;0.0033611162385803963;0.15313098604610595;0.016112485976920048;0.03534531711361048;0.056449665193175874;0.0608598002311271;0.1420881407561901;0.12096814607072645;0.15375605834853845;0.00997048401966652;0.0;0.02164868174125593;0.13727312570838304;0.06240274026558297;0.04666579167327192;0.20373683745183008;0.07641039802966668;0.04204650402709916;0.05564489520341948;0.009414798432085992;0.0764961374374194
43;inferior loma;0.0;0.0;0.0;0.0;0.0;0.0;0.0;0.0;0.0;0.0;0.0;0.0;0.0;0.697905052559793;0.0;0.0;0.0;0.0;0.0;0.0;0.0;0.0;0.0;0.0;0.0;0.0;0.0;0.0;0.0;0.0;0.0;0.0;0.0;0.0;0.0;0.0;0.0;0.0;0.0;0.0;0.051788995986716865;0.0;0.0;0.0;0.0;0.0;0.0;0.0;0.0;0.0;0.0;0.0;0.0;0.0;0.0;0.0;0.0;0.0;0.0;0.0;0.0;0.0;0.0;0.0;0.0;0.0;0.0;0.0;0.0;0.0;0.0;0.0;0.0;0.0;0.0;0.0;0.2544240141066511;0.0;0.0;0.0
44;ingresar enlazar;0.0;0.0;0.049845432309636103;0.02787921270376973;0.0;0.0;0.0;0.0;0.0;0.0;0.024520504079188273;0.0;0.069013368552502;0.3951834584240275;0.05472992112598551;0.0;0.0;0.0;0.0;0.0;0.0;0.024485248752677023;0.0;0.0;0.0;0.004397684398048583;0.0;0.0;0.0;0.0562053576415856;0.04388184979313901;0.0;0.0;0.0;0.0;0.0;0.0;0.0;0.002598946859961415;0.0;0.03036318495206734;0.032167524318520095;0.0;0.0;0.0;0.0;0.0;0.0;0.0;0.0;0.02806484926352037;0.0;0.0;0.0;0.0;0.0;0.05943892078319813;0.0;0.0;0.0;0.0;0.17148330645567209;0.0;0.0;0.0;0.3024454974845292;0.0;0.0;0.0;0.0;0.0;0.0;0.0;0.0;0.0;0.08132269421671151;0.0;0.005149757572308775;0.010020060014701694;0.0
45;instituci educativo;0.0;0.0;0.12478863947838179;0.0199416984054713;0.0;0.032000475543621086;0.03419814819413945;0.0;0.0;0.0;0.017539250562523347;0.0;0.0493645138491856;0.002501508325216628;0.0;0.6742773677142337;0.49091112108866464;0.028726654623756148;0.0142747880262972;0.025247222507862932;0.24550337961086932;0.05254209842978861;0.0;0.0;0.0;0.037747391311293364;0.0;0.0;0.03190896945136322;0.04020308258950931;0.03138821111439227;0.5606170758803347;0.0;0.01571617986525269;0.0066389701697893;0.00962748676929439;0.0;0.0;0.0;0.0;0.06515537042354844;0.0;0.0;0.0;0.009391802346600479;0.0;0.0;0.006844084715239075;0.0;0.0;0.010037241111411679;0.010406328097568328;0.06258048355913225;0.049254843628308786;0.0;0.0;0.0;0.0;0.0006494483813047429;0.0;0.0;0.0;0.0;0.04297365622357068;0.0;0.0;0.0690674183645271;0.0520224323043668;0.03795134578544419;0.0;0.2801697948463603;0.0;0.04750557684275014;0.0;0.028199915423512766;0.0;0.0;0.0036835657254549225;0.02150172068426648;0.1863504388296185
46;junto directivo;0.0;0.0;0.0;0.22258592299565022;0.0;0.1099027658658336;0.14681309457816769;0.34368475789392344;0.0;0.05030390350300876;0.1505924611501156;0.06827524514770886;0.08476899976458652;0.0042956030981939446;0.0;0.0;0.09917589750005372;0.09865912126586118;0.07353822058519105;0.010838665429603964;0.03952309495545334;0.015037594087097149;0.0;0.0;0.0;0.005401668046667042;0.0;0.0;0.054794248195668825;0.0;0.0;0.0;0.0;0.026987905752864683;0.005700237041524623;0.004133092580295612;0.007617472165482818;0.06500787414126508;0.001596140938930121;0.009165724686642672;0.055942570375241765;0.039511313801608425;0.0;0.06461433012285328;0.008063825902755785;0.05819429605293542;0.0;0.0;0.13293604630375655;0.0034902597316828414;0.06032600912538655;0.04467450174572785;0.12537412025060446;0.021145168372815524;0.023530865005659485;0.017238636880078418;0.07300872233247237;0.0;0.0;0.006590796772057974;0.01334550305970177;0.021063264508691167;0.06930846344015165;0.018448646458003065;0.07955979431420888;0.0;0.0;0.0;0.0;1.0;0.014150265528042086;0.17945214418633054;0.02039420586872684;0.010167414212489047;0.0;0.0;0.09160976537669269;0.0189763146296484;0.0;0.0
47;luis perez;0.0;0.0;0.0;0.0;0.0;0.013557267244790958;0.17385995419208708;0.016958357959497777;0.0;0.0;0.04458389504093702;0.10106669152997502;0.09411158830675566;0.0;0.0;0.0;0.0;0.01825542873193513;0.0;0.0802214663016225;0.039003579677436076;0.022259896389469423;0.0;0.0;0.0;0.0;0.0;0.0;0.0;0.0;0.0;0.0;0.0;0.009987435196548482;0.0;0.006118147096709219;0.025371034447745664;0.0;0.0;0.0;0.08281084148839866;0.0;0.0;0.0;0.0;0.14357338825762864;0.0;0.0;0.14758723702781643;0.0;0.025514163368413348;0.0;0.07953822487071058;0.03130083538567046;0.0;0.012759031418978379;0.0;0.0;0.0;0.47480392704148805;0.0;0.0;0.03419871570224318;0.873895026137921;0.0;0.0;0.0;0.0;0.0;0.0;0.0;0.0;0.030189198282250175;0.0;0.0;0.0;0.0;0.0;0.009109382550958937;0.0
48;mabel lopez;0.0;0.0;0.0;0.024897652321041564;0.0;0.05327107036342668;0.7258514781252543;0.03331755079386253;0.0;0.1462971070083076;0.02189814295644586;0.09928126993957208;0.030816344671952652;0.0;0.0;0.0;0.07210746025078595;0.12553052684842583;0.10693433488226957;0.0;0.019157275576873214;0.06559997410069665;0.0;0.0;0.0;0.003927371203903381;0.0;0.0;0.0;0.0;0.0;0.0;0.0;0.0;0.0;0.0;0.0;0.0;0.0;0.0014809089376027881;0.08134792366577487;0.11490939073797711;0.0;0.0;0.0;0.0;0.0;0.0;0.09665332925007888;0.0;0.0;0.0;0.0;0.0;0.017108500712698694;0.012533633220786473;0.0;0.0;0.0064868055546371374;0.8785235644714204;0.0;0.0;0.0;0.02682678099586724;0.03856350081476477;0.0;0.0;0.0;0.0;0.0;0.0;0.0;0.0;0.0;0.0;0.0;0.0;0.018396053710032906;0.01789691646839655;0.0
49;mas importante;0.0;0.04043360010938515;0.04861476553258462;0.27190884420613315;0.0;0.0872665120311451;0.3030938586198716;0.12735208179321858;0.0;0.23965800127093534;0.047830202340127935;0.1897449858800561;0.28606517077226373;0.006821708198084624;0.0;0.04073246807882571;0.03937450793073544;0.058754008544060876;0.11678366710589977;0.043031334091662564;0.041843564952055406;0.07164214885673405;0.10645919878072324;0.08154569116510543;0.051543887457854216;0.00857821413081042;0.0;0.0623974816473703;0.06526272858194845;0.0822264997055463;0.06419763276134151;0.0;0.0;0.037501291902585256;0.009052361884537992;0.016409076265856352;0.01360919352268113;0.0;0.003168474681988208;0.004043275169139134;0.14806764119306237;0.09411995723866468;0.0009346512317810616;0.21805034189693684;0.07683540496357932;0.07701373113222498;0.0014175843966305274;0.0466601973094462;0.1847225020890549;0.011085536945941783;0.03421492209602158;0.04966229083236698;0.08532967758531504;0.03357995725893825;0.018684302418980434;0.15741269621114362;0.096618990062286;0.0;0.0013283027990509558;0.007849973218678108;0.14835492917803655;0.20069933030513337;0.2751663168351828;0.1025419433971057;0.02105772222994538;0.14748911048920582;0.06278315757581089;0.19506732912566657;0.005174738058297071;0.0;0.10112210338808245;0.0;0.25909902416564107;0.35522390887278316;0.05767668019250273;0.015862972908990976;0.13093425204525733;0.012556529521715315;0.009772668139603612;0.09528463563357735
50;mejorar calidad;0.0;0.0;0.07453000066393224;0.03334849586079612;0.0;0.026757192504655528;0.04289216420952831;0.033469728101692804;0.0;0.0;0.043996324652966705;0.0;0.061914195532542154;0.014641450500635915;0.0;0.007136669786169517;0.016097068836711238;0.04803957533286196;0.01193586172374628;0.04222092211910408;0.03848955216991885;0.13179920158073943;0.0;0.0;0.0;0.005260412534016088;0.0;0.0;0.026680679700258135;0.0;0.026245247700138582;0.09375197565598282;0.0;0.09198756895452706;0.005551173845012698;0.016100043042853122;0.007418272598507656;0.0;0.004663203881837002;0.0009917819748435734;0.07263953673682393;0.07695615819475232;0.001910518506385266;0.07865580342933048;0.3533829313098787;0.30225330567804043;0.0;0.05150412305428824;0.06472986105007951;0.006797976432796433;0.0923190130391493;0.0;0.0;0.020592214808696427;0.022915524638428716;0.008393920241847302;0.035549759327325715;0.0;0.0;0.0010697408544100542;0.025993026954450518;0.10256226379662703;0.022498674276422877;0.01796620788706027;0.0;0.0;0.0;0.0;0.006346602341003646;0.0;0.20670346687435925;0.04368985192991919;0.03972178047458901;0.019803065534510993;0.0;0.019455280608466297;0.12489979306530027;0.00924003867553733;0.0059928867697190205;0.0
51;mensaje internar;0.0;0.0;0.028491253840186734;0.0;0.0;0.0;0.0;0.0;0.0;0.0;0.0;0.0;0.0;0.007995884286021722;0.0;0.0;0.0;0.0;0.0;0.0;0.17166038595409808;0.0;0.0;0.0;0.0;0.24634078982642646;0.0;0.0;0.0;0.06425307345304417;0.0;0.0;0.0;0.025117796801652163;0.0;0.06924046829749704;0.6097077075278251;0.0;0.0;0.0;0.0;0.0;0.0;0.0;0.0;0.0;0.000830791971159817;0.0;0.0;0.0;0.04812493586492323;0.0;0.13335589040631404;0.0;0.0;0.0;0.0;0.0;0.0;0.0;0.0;0.0;0.0;0.0;0.0;0.0;0.0;0.0;0.0060654319304120465;0.0;0.0;0.0;0.0;0.03785148007053819;0.0;0.037186725708438395;0.0;0.0;0.0;0.0
52;momento aeropuerto;0.0;0.0;0.0;0.0;0.0;0.0;0.0;0.0;0.0;0.0;0.0;0.0;0.0;0.0;0.0;0.0;0.0;0.0;0.0;0.0;0.0;0.0;0.0;0.0;0.0;0.0;0.0;0.0;0.0;0.0;0.0;0.0;0.0;0.0;0.0;0.0;0.0;0.0;0.0;0.0;0.0;0.0;0.0;0.0;0.0;0.0;0.5917446472580523;0.0;0.0;0.0;0.0;0.0;0.0;0.0;0.0;0.0;0.0;0.0;0.0;0.0;0.0;0.0;0.0;0.0;0.0;0.0;0.0;0.0;0.0;0.0;0.0;0.0;0.0;0.0;0.0;0.0;0.0;0.0;0.0;0.0
53;mujer jovenes;0.0;0.0;0.12475292024495675;0.13955193235441962;0.0;0.049764269015849745;0.0;0.26455635618771645;0.0;0.06833322983500931;0.020456601859088472;0.13911846876180126;0.028787723916151354;0.0;0.045659265512565404;0.0;0.03368033555069514;0.10051451188639239;0.21643898096252734;0.08833998528900627;0.017896164070185624;0.10213594784525282;0.0;0.0;0.0881796632593687;0.014675339225046321;0.0;0.0;0.0;0.0;0.0;0.0;0.0;0.0;0.6814058374363123;0.0;0.0;0.0;0.0021682107755803858;0.0013834216255853141;0.0;0.3488711758725737;0.0;0.08777262922858485;0.0;0.0;0.0;0.0;0.0;0.0;0.0;0.0;0.0;0.0;0.0;0.0;0.08264636631374635;0.0;0.0007574728986863415;0.002984330567202322;0.0;0.0;0.0;0.0;0.0;0.0;0.510185403945868;0.3337150580516537;0.0;0.0;0.0;0.0;0.027703654386321195;0.0;0.0;0.0;0.0;0.004296263241054627;0.016718773615987607;0.0
54;ninas adolescente;0.0;0.0;0.05674701586783613;0.02115957340358287;0.0;0.011318267171416586;0.01814334497160892;0.028315326785029293;0.0;0.0;0.0;0.042187698900267606;0.13094823132485084;0.0;0.0;0.06339489623733012;0.09192210645698004;0.0;0.04543972417817983;0.013394557650745136;0.0;0.01858364595127896;0.0;0.17768166829499835;0.24066447857289963;0.0033377243043064054;0.0;0.0;0.0;0.0;0.0;0.0;0.0;0.45858986054396783;0.014088847777711007;0.020430909027389133;0.0023534417298928054;0.08033754004060771;0.004931327100202587;0.003775705552295692;0.0;0.02441428670391498;0.0;0.0399255967220339;0.009965376424021693;0.0;0.0005515723694801539;0.014524130288993624;0.0;0.0;0.0;0.0;0.0;0.0;0.0;0.0;0.0;0.0;0.003445556746632336;0.0013574981148286567;0.0;0.0;0.0;0.04559813385972675;0.0;0.0;0.17099947310998148;0.0551995347936441;0.09664584477216294;0.0;0.0;0.0;0.02520341346672677;0.0;0.0;0.0;0.0;0.027359693461872076;0.08365451973354657;0.0
55;ninos ninas;0.0;0.0;0.16128975965636264;0.1202820080140782;0.0;0.09650836597589134;0.05156809931025656;0.10059939236243776;0.0;0.04417311512624568;0.11901510408268368;0.26979389756520605;0.2233133330605531;0.0018860382294371;0.05903165990942351;0.5341191174540312;0.5515626199026822;0.09746442066626625;0.16143937437651343;0.019035406101561025;0.023137478433237393;0.03961466180003486;0.09811135908357166;0.28858140328231424;0.2280103209729477;0.026088368563028687;0.0;0.0;0.09623239809445756;0.03031153242252964;0.07099640507124;0.33814646196517795;0.0;0.4265775839799909;0.040044165092213466;0.09799304159128662;0.001672273181129565;0.8753039359765954;0.009811278803482894;0.008942946628260999;0.11462399540207292;0.08673968081042048;0.0;0.17021837538818393;0.014162094197685002;0.10220373212521718;0.0007838559750325846;0.13416439093823876;0.14591808162194955;0.0;0.0;0.01569191868940085;0.047183206715477204;0.0;0.010331520384426748;0.03784419490813984;0.0;0.0;0.0029379501867075677;0.0028937716987349894;0.0;0.01849617908918995;0.020287164756388414;0.04860065286170276;0.11643907360826625;0.0;0.22565442773087235;0.09805713529440542;0.5679841688010993;0.0;0.012425701878180543;0.0;0.0895433098639893;0.0;0.021261619647430965;0.0;0.04826689498278354;0.05276799140245138;0.08105723015271829;0.01756260653632863
56;norte altura;0.0;0.0;0.0;0.0;0.0;0.0;0.0;0.0;0.0;0.0;0.0;0.0;0.0;0.0;0.0;0.0;0.0;0.0;0.0;0.0;0.0;0.0;0.0;0.0;0.0;0.0;0.0;0.0;0.0;0.0;0.0;0.0;0.0;0.0;0.0;0.0;0.0;0.0;0.0;0.0;0.0;0.0;0.2838018554701051;0.0;0.0;0.0;0.0;0.0;0.0;0.0;0.0;0.05319114431538768;0.0;0.0;0.0;0.0;0.0;0.0;0.0;0.0;0.0;0.0;0.0;0.0;0.0;0.0;0.0;0.0;0.0;0.0;0.0;0.0;0.0;0.0;0.0;0.0;0.0;0.0;0.0;0.0
57;nuevo caso;0.0;0.0;0.20031606182024123;0.04979530464208313;0.0;0.17313097868113672;0.021348572886036893;0.0;0.0;0.1462971070083076;0.153287000695121;0.0;0.061632689343905304;0.003123188571658805;0.0;0.0;0.048071640167190635;0.035865864813835954;0.01782238914704493;0.0;0.0;0.0;0.0;0.0;0.0;0.0;0.0;0.0;0.0;0.0;0.0;0.0;0.0;0.0;0.0;0.012020130554253779;0.6479937209733404;0.0;0.011605004059428202;0.004442726812808364;0.0;0.08618204305348283;0.0;0.0;0.011725873330299954;0.056414821144182906;0.0006490138918814222;0.008544991416028288;0.04832666462503944;0.0;0.0;0.0;0.0;0.0;0.017108500712698694;0.0;0.035388124710754906;0.0;0.0;0.006389262287064876;0.0;0.0;0.0;0.0;0.0;0.0;0.0;0.0;0.0;0.0;0.0;0.0;0.0;0.0;0.0;0.0;0.026642551999008095;0.0;0.008948458234198275;0.0
58;operaci aereas;0.0;0.0;0.0;0.0;0.0;0.0;0.0;0.0;0.0;0.0;0.0;0.0;0.0;0.0;0.0;0.0;0.0;0.0;0.0;0.0;0.0;0.0;0.0;0.0;0.0;0.0;0.0;0.0;0.0;0.0;0.0;0.0;0.0;0.0;0.0;0.0;0.0;0.0;0.0;0.0;0.0;0.0;0.0;0.0;0.0;0.0;0.47106944892287217;0.0;0.0;0.0;0.0;0.0;0.0;0.0;0.0;0.0;0.0;0.0;0.0;0.0;0.0;0.0;0.0;0.0;0.0;0.0;0.0;0.0;0.0;0.0;0.0;0.0;0.0;0.0;0.0;0.0;0.0;0.0;0.0;0.0
59;operar normalidad;0.0;0.0;0.0;0.0;0.0;0.0;0.0;0.0;0.0;0.0;0.0;0.0;0.0;0.0;0.0;0.0;0.0;0.0;0.0;0.0;0.0;0.0;0.0;0.0;0.0;0.0;0.0;0.0;0.0;0.0;0.0;0.0;0.0;0.0;0.0;0.0;0.0;0.0;0.0;0.0;0.038718194519830086;0.0;0.0016293457912753598;0.0;0.0;0.0;0.34751626841857275;0.01220117090543236;0.0;0.15943158464890586;0.017893713961003737;0.07420678901517584;0.1859404159501018;0.0;0.0;0.0;0.0;0.0;0.0;0.0;0.0;0.0;0.0;0.0;0.0;0.0;0.0;0.0;0.0;0.0;0.0;0.0;0.0;0.0633323650919251;0.0;0.04148007395837984;0.0;0.0;0.0;0.0
60;paquete alimentario;0.0;0.0;0.0;0.18481513743395842;0.0;0.17574705105206131;0.08803907785441466;0.013739777660631254;0.0;0.0;0.14448870735490396;0.16376985010388181;0.05083323521895912;0.007727803913135416;0.20156232136356425;0.0;0.05947258714473756;0.13311605948394833;0.16169449690607454;0.0;0.03160096714650067;0.03607024074741915;0.0;0.02463387343214986;0.0;0.03239206114894761;0.0;0.0;0.0;0.0;0.0;0.0;0.0;0.17802154343139412;0.027345986494152017;0.0;0.0;0.0;0.014357313643532207;0.01709987839734788;0.17891709447464643;0.18954928465501059;0.0;0.25185634406467544;0.009671232644431088;0.04652965664139629;0.0;0.007047713854756626;0.03985872978095685;0.0;0.0;0.03214782944477926;0.0;0.0;0.08466420500844259;0.010337454562550296;0.0;0.0;0.0;0.0026348588401011487;0.0;0.0;0.0;0.0;0.06361259028776452;0.0;0.14224470373258558;0.1607107007719807;0.017586223210597142;0.0;0.0;0.32283498972396313;0.024459495025490812;0.0;0.0;0.0;0.04394833738446475;0.0;0.0;0.0
61;personar mayor;0.0;0.0;0.1960964334660285;0.1595335872437704;0.0;0.04266730072482812;0.05129722229120917;0.3068842885742571;0.0;0.058588109993950324;0.10523550337514007;0.03975951461041822;0.0740467707737784;0.010006033300866512;0.11744315656755171;0.0;0.07700566605312387;0.22981323699004919;0.09992351618408041;0.0;0.0;0.0;0.0;0.0;0.0;0.0157280797130389;0.0;0.0;0.0;0.0;0.0;0.03737447172535564;0.0;0.6443633744753603;0.0;0.00962748676929439;0.0;0.0;0.0074359939792975945;0.013047424279498057;0.06515537042354844;0.04601816236538511;0.0013709398113104679;0.09406902886265876;0.009391802346600479;0.04518527828847268;0.0;0.04790859300667352;0.0;0.0;0.0;0.020812656195136656;0.0;0.0;0.04110900381086479;0.04015510063211673;0.0;0.0;0.0025977935252189718;0.0;0.04662984858459197;0.0;0.0;0.0;0.06177463584044574;0.0;0.023022472788175697;0.07803364845655021;0.0018975672892722099;0.0;0.0;0.0;0.02375278842137507;0.0;0.0;0.0;0.17071416368596143;0.08103844596000828;0.07883964250897708;0.0
62;plan desarrollar;0.0;0.04415111868539473;0.14598229596138115;0.2969085023266816;0.0;0.7702601087417575;0.1400218380580642;0.08939635735389016;0.0;0.34892329908433506;0.718131896494419;0.08879588159584412;0.5328602957154953;0.03910675154447825;0.4371477170096842;0.0826010063738272;0.3726203188377525;0.6843299163609993;0.36130924965172684;0.15975815198273657;0.15991751145015962;0.0782290226072694;0.07749813204536203;0.03561724386819992;0.056282900520899376;0.03044244600564894;0.0;0.0;0.0;0.0;0.0;0.027823102625455613;0.0;0.152097066422669;0.12850042383710344;0.014334198721292827;0.0;0.0;0.013839153709556434;0.022958099976619836;0.4365391741437495;0.32544932283161665;0.0006803895333283748;0.2941212789642645;0.09089139966498494;0.4709290613940248;0.0;0.08152031592418583;0.3169667801279351;0.0;0.1270263364981933;0.03873450529822181;0.031058333599314678;0.0;0.6222659364584614;0.08220607393705409;0.15825340135293103;0.2873050929899754;0.001450428712070788;0.010476534591394571;0.011571062659314086;0.09131328821006561;0.02003103141932555;0.23993525368446103;0.2529317671425584;0.0;0.2570832148950232;0.27109355241903665;0.00847576546088975;0.0;0.09815058051446195;0.7001634917377288;0.4243813957794939;0.026446613456894388;0.0419863668775427;0.0;0.3494883823263557;0.21663369609196706;0.0;0.10404523083207191
63;politica publicar;0.0;0.0;0.21292002716350883;0.018321384732243214;0.0;0.07840094822128273;0.01570973087285264;0.03677597742305173;0.0;0.0;0.08057070940934453;0.03652895300757615;0.0;0.0;0.6114367426179741;0.023524960179046494;0.035374379996009654;0.09237389326412535;0.026229850445361674;0.05798955379600415;0.08458335229515748;0.048272919407277445;0.0;0.0;0.0;0.02312021322660575;0.0;0.0;0.0;0.0;0.0;0.0;0.0;0.08663520187029636;0.018298610915691627;0.01326784350447519;0.0;0.0;0.0;0.0010897534454004775;0.05986133099747071;0.021139534863683793;0.0004198491558919682;0.05185540872612139;0.11217302900150891;0.08302771919662062;0.0;0.006287985439272158;0.0;0.01493900560263679;0.0;0.0;0.0;0.0;0.05035839037471097;0.009223099164927497;0.05208197459086539;0.0;0.004176753349176379;0.010578720224942441;0.0;0.0;0.02472116698182781;0.01974096872328535;0.05675528969069665;0.0;0.08460735346875752;0.0716932162127584;0.026150776871044314;0.0;0.015141487471785953;0.0;0.04364562799848437;0.0;0.051817201261969044;0.0;0.019605400506380054;0.07106959963375063;0.02633953498187459;0.042802248025713044
64;prestar servicio;0.0;0.0;0.09044415985973027;0.0202346482211628;0.0;0.0;0.0;0.013538805008831624;0.0;0.0;0.05339072299350182;0.0;0.0;0.09645373820460944;0.0;0.00866054068504509;0.0;0.014574329103359231;0.014484489147852208;0.02561811213972957;0.0;0.017771319455197228;0.07922377234635715;0.0;0.0;0.00957547808767679;0.0;0.0;0.0;0.0;0.0;0.0;0.0;0.0079735277429193;0.0;0.03907567030040379;0.0180045465397983;0.05121722228420166;0.0018863077668511067;0.001203554094722565;0.06611252328830408;0.07004127544565936;0.0;0.03818037298207398;0.01905954174836099;0.0;0.0;0.00694462647026613;0.03927571346007443;0.16499054387049308;0.0509234566862883;0.2217432068715382;0.14816622456244982;0.17492444465352922;0.0;0.0;0.0;0.0;0.001976966946290726;0.0;0.0;0.0;0.02730274620638157;0.0;0.0;0.0;0.023360680147595406;0.02639332909074852;0.0;0.0;0.01672268100988783;0.0;0.024101724346927526;0.048063105030476436;0.0;0.4013616046488623;0.15156925734353321;0.0;0.014545058478284262;0.0
65;presupuestar participativo;0.0;0.0;0.1289967892591269;0.0;0.0;0.012864289890503743;0.0;0.04827460333683377;0.0;0.0;0.0;0.0;0.0;0.0;0.04721251125413254;0.041173911186434146;0.0;0.32912380775648337;0.0;0.12179353603485141;0.1480396739780089;0.23234294228168428;0.0;0.0;0.0;0.20106302279923877;0.0;0.0;0.0;0.0;0.0;0.13522187640981054;0.0;0.02843078755721636;0.016013318937493286;0.005805419073305639;0.0;0.0;0.0;0.0014304831305090174;0.026192659915604325;0.0;0.0;0.0;0.16989900827358032;0.0;0.0;0.0;0.0;0.0;0.0;0.0;0.0;0.02970089863581582;0.016525946353888023;0.0;0.0;0.0;0.0031329630341151724;0.0;0.0;0.0;0.0;0.051826627128833035;0.0;0.0;0.05553063051321379;0.0313697674145604;0.006865451138810023;0.0;0.09937863693215328;0.0;0.0;0.0;0.06801871798459634;0.0;0.0;0.031096900495307077;0.0;0.028092544238823
66;primero infancia;0.0;0.0;0.03901006290521746;0.04363769320190032;0.0;0.01167091275856692;0.01870864091695841;0.029197553267955693;0.0;0.0;0.05757075597146681;0.08700429949085364;0.027005642481042348;0.0;0.0;0.25214183013311353;0.18957228501416304;0.0;0.031236999364247252;0.013811894649053049;0.0;0.0;0.0569508734747331;0.0;0.0;0.0;0.0;0.0;0.0;0.0;0.0;0.040892598453065976;0.0;0.008597786172987348;0.007263908458427681;0.0737361767741883;0.0;0.02761354445433359;0.0010169946953676279;0.002595563993174083;0.023762854490358542;0.0;0.0;0.020584783391284035;0.010275869714823149;0.12359662596829459;0.0;0.05990664646086038;0.042350662969864665;0.0;0.0;0.02277178922510484;0.022823765947226828;0.0;0.0;0.021967486497977785;0.0;0.0;0.0;0.0;0.0;0.0;0.0;0.0;0.0337947971087167;0.0;0.0;0.028459699048148036;0.3342663864432192;0.0;0.0;0.0;0.05197736284775182;0.0;0.0;0.0;0.0;0.0;0.0;0.025486492901525118
67;primero vez;0.0;0.0;0.013271117814671015;0.10391797581433854;0.0;0.03970412931658544;0.11456332204750709;0.059597571569260106;0.0;0.0;0.03917083071787741;0.11839450879445883;0.12862145068994715;0.0018622262640227737;0.05828636226795789;0.038123541403304866;0.028663101449057884;0.021385309886281227;0.04250697054726198;0.04698769175962841;0.09138143511437694;0.0391145113036347;0.05812359903402152;0.05342586580229989;0.056282900520899376;0.007025179847457448;0.0;0.0;0.09501742668009404;0.2693595379409332;0.0;0.055646205250911226;0.0;0.029249435850513268;0.04448091594361274;0.0071670993606464135;0.004953480247507752;0.037576212335212966;0.0006919576854778216;0.0008830038452546092;0.1293449404870369;0.017128911727979822;0.0010205842999925622;0.0420173255663235;0.020974938384227298;0.016818895049786602;0.0007739594888023667;0.005095019745261615;0.05763032365962456;0.01815713377243889;0.0;0.007746901059644361;0.015529166799657339;0.0733346857256837;0.030603242776645643;0.059786235590584796;0.01055022675686207;0.0;0.0009669524747138588;0.009524122355813248;0.03471318797794226;0.3287278375562362;0.2003103141932555;0.03199136715792814;0.022993797012959855;0.0;0.05141664297900465;0.09681912586394167;0.002825255153629916;0.0;0.0;0.07779594352641432;0.05304767447243674;0.008815537818964795;0.0;0.025982153371701535;0.0;0.00822659605412533;0.0;0.0
68;protocolo bioseguridad;0.0;0.0;0.1938621192563137;0.0;0.0;0.05799908312192763;0.0;0.0967322981487759;0.0;0.05309384632212325;0.03178891669548598;0.0;0.02236760933528679;0.004533844788858275;0.035476532166831096;0.1624297165232359;0.11339939749962315;0.01301636617139476;0.012936129904640516;0.0;0.0;0.0476148163810221;0.18867981238815684;0.0;0.0;0.0;0.0;0.0;0.11566646683246416;0.036432926218364844;0.0;0.0;0.0;0.014242351197584897;0.0;0.008724642304555864;0.034169789827448976;0.04574221666088421;0.009265661449755113;0.007524278122871349;0.05904524356027358;0.041702680644700105;0.0008282507339926662;0.03409897716530607;0.008511059846949347;0.040947902598637544;0.008950474090452834;0.062022615531379624;0.10523168464501205;0.0036838356651026126;0.0;0.0471522280584693;0.0;0.08927166616201379;0.0;0.0636815268303501;0.012842985712043226;0.0;0.0011770890904214603;0.003478166967053185;0.0;0.08892588057702462;0.0975365766990975;0.0;0.055981546806279016;0.0;0.020863476092621562;0.0;0.0;0.0;0.0;0.0;0.0645759130118697;0.021462633716247386;0.0;0.0;0.01933812076522042;0.050071935900886384;0.0844364593160857;0.0
69;proyectar acordar;0.0;0.0;0.019206258403470913;0.042969262254380435;0.0;0.14939782938932328;0.0;0.0575006253310565;0.0;0.0;0.13227410456466096;0.042835795017670014;0.21273581602895775;0.045815943211747506;0.04217666329053184;0.018391080482003504;0.03111141092803761;0.07737324644578183;0.046137778577528155;0.0;0.0;0.0;0.0;0.0;0.0;0.006777998224684282;0.0;0.0;0.0;0.0;0.0;0.0;0.0;0.016932174996733836;0.0071526417791580015;0.015558579644107229;0.0;0.0;0.004005666530022933;0.007667417436896084;0.09359544481736562;0.0;0.0;0.040538941959983345;0.0404738663544986;0.14604408561423066;0.0;0.0;0.0;0.0;0.0;0.0;0.0;0.0;0.0;0.010815497098275385;0.015268524033710337;0.0;0.0006996976197701861;0.006891761401959867;0.0;0.026430126437342754;0.0;0.0;0.0;0.0;0.04960754349328847;0.028023760706658074;0.0;0.0;0.01775571430885308;0.0;0.10236237397621549;0.0;0.0;0.0;0.18392269105691403;0.42066855184106783;0.0;0.35134536312640985
70;querer conocer;0.0;0.0;0.07166288570396377;0.03206560346145114;0.0;0.008575954251704135;0.0;0.02145478132409834;0.0;0.0;0.0;0.0;0.0;0.0020111720772466326;0.03147413033053567;0.027448509144624184;0.04643347889190312;0.04619152778314504;0.0;0.03044753544730824;0.061681478451143884;0.11264798407340525;0.1464691181110806;0.07693201166808537;0.06078455671093386;0.020232193147601878;0.0;0.0735839582320074;0.10261717337077433;0.12929050254711327;0.07570683628548956;0.12019387371716177;0.0;0.018953330149267887;0.01067524844315463;0.003870171521973547;0.008916121303702203;0.0;0.0007473023029236922;0.001907257686121603;0.05238385991266046;0.01849892767945308;0.008082897890922326;0.0;0.06795770935353534;0.0;0.0;0.0330151979144198;0.0;0.013072926439875525;0.08069778881953146;0.025099556478210886;0.03354246178754823;0.13860033089451693;0.0;0.07263911007473195;0.11394061974072668;0.0;0.0026107297683688737;0.0;0.14995856458954374;0.335297011358874;0.08653266651276241;0.0;0.024832902099900977;0.08696530901076062;0.037019388625652225;0.0;0.0030512265807073513;0.0;0.06625057824264316;0.0;0.1336779935680439;0.09520627997757022;0.15870591888956379;0.12159452566831322;0.03431285394242933;0.026653743308995437;0.005762344771090357;0.07491136355189416
71;radiar sonar;0.0;0.0;0.0;0.0;0.0;0.0;0.0;0.0;0.0;0.0;0.0;0.0;0.0;0.0;0.0;0.0;0.0;0.0;0.0;0.0;0.0;0.0;0.0;0.0;0.0;0.0;0.0;0.0;0.0;0.0;0.0;0.0;0.0;0.0;0.0;0.0;0.0;0.0;0.0;0.0;0.0;0.0;0.0;0.0;0.0;0.0;0.0;0.0;0.0;0.0;0.0;0.0;0.0;0.0;0.0;0.0;0.0;0.0;0.43595139403840194;0.0;0.0;0.0;0.0;0.0;0.0;0.0;0.0;0.0;0.0;0.0;0.0;0.0;0.0;0.0;0.0;0.0;0.0;0.0;0.0;0.0
72;reactivacion economica;0.0;0.0;0.2584828256750849;0.09035804966669439;0.0;0.16433073551212826;0.12396448527923655;0.29019689444632774;0.0;0.424750770576986;0.1748390418251729;0.036030955065553996;0.17894087468229433;0.006800767183287414;0.14190612866732438;0.0;0.04361515288447043;0.09111456319976331;0.0776167794278431;0.0228795936928387;0.0;0.0;0.0;0.0;0.0;0.008551881062342705;0.0;0.0;0.0;0.0;0.0;0.0;0.0;0.028484702395169793;0.012032764394289243;0.0;0.0;0.0;0.0126349928860297;0.02042304061922223;0.11809048712054716;0.08340536128940021;0.0016565014679853325;0.03409897716530607;0.0;0.10236975649659386;0.0;0.062022615531379624;0.17538614107502004;0.0036838356651026126;0.0;0.0;0.0;0.0;0.21110538883091434;0.045486804878821493;0.10274388569634581;0.0;0.0011770890904214603;0.003478166967053185;0.09859967665344217;0.28900911187533;0.14630486504864626;0.038943681570708016;0.5038339212565112;0.0;0.020863476092621562;0.047143883398121506;0.001719617616149588;0.0;0.0746753205065059;0.18940487521082067;0.47355669542037776;0.09658185172311323;0.0;0.0;0.11602872459132253;0.06342445214112274;0.0;0.0
73;realizar tramitar;0.0;0.0;0.0;0.0;0.0;0.0;0.0;0.021324623436032426;0.0;0.0;0.0;0.0;0.0;0.35181890858495574;0.0;0.027281989620288157;0.0;0.0;0.0;0.0;0.0;0.027991148044181926;0.0;0.0;0.0;0.020109452230728693;0.0;0.0;0.0;0.0;0.0;0.0;0.0;0.0;0.0;0.0;0.03190331027761875;0.0;0.0;0.0;0.0;0.0;0.020449830711297662;0.3608215389580781;0.03002019383409467;0.0;0.0;0.0;0.0;0.0;0.0;0.0;0.0;0.0;0.0;0.0;0.0;0.0;0.0;0.0;0.0;0.03920739925161463;0.0;0.0;0.0;0.0;0.0;0.0;0.0030327159652060232;0.0;0.0;0.0;0.0;0.07570296014107639;0.0;0.037186725708438395;0.3410469108422092;0.0;0.0;0.0
74;redar social;0.0;0.959100052357483;0.15724913767097637;0.0;0.0;0.03136354794021428;0.11312149092154566;0.039231672817719394;0.0;0.0;0.03867784813017468;0.11690446045375187;0.07257296666781544;0.0036775786116286084;0.0;0.006273956570735;0.014151181688884603;0.05279041526816574;0.0944370025509448;0.01855853217876149;0.0;0.012874079173728273;0.07652278306813409;0.017584492387608487;0.055574554809723405;0.01387352957531797;0.0;0.26910754580829227;0.046910794735524945;0.0;0.023072602375124224;0.192310554229973;0.0;0.017328791097653933;0.01464036784539372;0.003538449089853453;0.006521517949885569;0.03710329873972401;0.00204974725689468;0.0043594542162123315;0.09578780701504586;0.050740009923833825;0.0010077397858487894;0.11063604948251515;0.020710959315822133;0.09964332997759459;0.0011463282888640647;0.0452780695952352;0.056905020019972594;0.0;0.1696962360182187;0.007649402812579678;0.06133490090024259;0.03620586779995898;0.06043617430179975;0.04427534911951928;0.05208723695188056;0.0;0.0014321744119538224;0.015987236859939205;0.06855261367292294;0.018032813851169553;0.03955786369237428;0.12635496544077915;0.04540881939465376;0.0;0.11846226307019218;0.17208110422317088;0.0;0.0;0.01211441389374928;0.0;0.03492003036105185;0.026113770887589285;0.1865607727330645;0.059862031231899225;0.03137181029665317;0.0;0.02634219632763068;0.10273577463230046
75;reducir sentir;0.0;0.0;0.0;0.0;0.0;0.0;0.0;0.0;0.0;0.0;0.0;0.0;0.0;0.0;0.0;0.0;0.0;0.0;0.0;0.0;0.0;0.0;0.0;0.0;0.0;0.0;0.0;0.0;0.0;0.0;0.0;0.0;0.0;0.0;0.0;0.0;0.0;0.0;0.0;0.0;0.0;0.0;0.7694418698900443;0.0;0.0;0.0;0.0;0.0;0.0;0.0;0.0;0.0;0.0;0.0;0.0;0.0;0.0;0.0;0.0;0.0;0.0;0.0;0.0;0.0;0.0;0.0;0.0;0.0;0.0;0.0;0.0;0.0;0.0;0.0;0.0;0.0;0.0;0.0;0.0;0.0
76;responsable homicidio;0.0;0.0;0.0;0.08548364621053875;0.0;0.022862624121569083;0.0;0.057196270715395944;0.0;0.0;0.0;0.0;0.0;0.0;0.0;0.0;0.0;0.0;0.0;0.0;0.0;0.0;0.0;0.0;0.0;0.0;0.0;0.0;0.0;0.0;0.0;0.0;0.0;0.0;0.0;0.0;0.0;0.0;0.3346949988444057;0.32032699813466736;0.0;0.0;0.0;0.0;0.0;0.0;0.0;0.0;0.0;0.0;0.0;0.0;0.0;0.0;0.0;0.0;0.0;0.0;0.0;0.0;0.0;0.0;0.0;0.0;0.0;0.0;0.0;0.0;0.0;0.0;0.0;0.0;0.0;0.0;0.0;0.0;0.0;0.0;0.0;0.0
77;rotacion picoycedula;0.0;0.0;0.0;0.0;0.0;0.015890844144893796;0.0;0.019877355695797787;0.0;0.0;0.02612900205755138;0.0;0.0;0.048445907495669384;0.058320098848385495;0.0;0.02867969186557582;0.0;0.021265786949141365;0.0;0.0;0.026091434049325398;0.0;0.0;0.0;0.0;0.0;0.0;0.0;0.0;0.0;0.0;0.0;0.1170654625669923;0.0;0.0;0.0;0.0;0.05954280483345594;0.038874657115988365;0.0;0.0;0.0;0.0;0.0;0.0;0.0;0.5607765658685329;0.0;0.0;0.0;0.0;0.0;0.0;0.122483824645634;0.5533427728569386;0.0;0.0;0.0;0.0;0.0;0.0;0.0;0.0;0.04601421198772345;0.0;0.0;0.0;0.0;0.0;0.0;0.0;0.0;0.0;0.0;0.0;0.34969066880401684;0.0054875717794461085;0.0;0.0
78;salud mental;0.0;0.059307718451226656;0.23175033045985188;0.0;0.0;0.04266730072482812;0.0;0.04002838546620744;0.0;0.0;0.0;0.03975951461041822;0.0;0.005003016650433256;0.0;0.11949219174682624;0.04812854128320241;0.08617996387126844;0.0428243640788916;0.0;0.0;0.08757016404964768;0.02602559987547247;0.0;0.0;0.012582463770431122;0.0;0.0;0.12763587780545288;0.04020308258950931;0.0;0.0;0.0;0.03143235973050538;0.039833821018735796;0.197363478770535;0.046577693710637406;0.17666501343535293;0.0009294992474121993;0.008302906359680583;0.08687382723139792;0.0;0.0;0.056441417317595256;0.0;0.09037055657694536;0.0;0.01368816943047815;0.0;0.024390280693233967;0.0;0.0;0.0;0.024627421814154393;0.0;0.020077550316058367;0.028344010150735306;0.0;0.0012988967626094859;0.0012793650172231317;0.0;0.0;0.0;0.04297365622357068;0.06177463584044574;0.0;0.32231461903445974;0.44219067458711786;0.01328297102490547;0.0;0.0;0.0;0.02375278842137507;0.0;0.0;0.0;0.0;0.09208914313637306;0.028668960912355306;0.0
79;salvar vida;1.0;0.0;0.05884557561871856;0.164565562312604;0.0;0.09682882837649161;0.08466436569024995;0.1431419684423035;0.0;0.09669773426461828;0.1157918076053701;0.09843264218675304;0.16294898889155196;0.008257313209711147;0.2261420449273696;0.0;0.0714911064109191;0.13038407694611145;0.09424025860490617;0.020834852099146973;0.0;0.057812661672521824;0.021477195126243017;0.019741340242073416;0.0;0.0;0.0;0.0;0.0;0.0;0.0;0.0;0.0;0.0324237926522564;0.005478700143555596;0.03972461977991292;0.01464284574221814;0.1666170005658724;0.008437592402125552;0.00978833702502954;0.10753678000160131;0.09493931525128455;0.0007542302444447863;0.07762890760967835;0.023251287872347304;0.01864420115729421;0.0012869326154405435;0.039535772668118356;0.03194238812625343;0.0;0.0;0.06011354901251282;0.01721450242485815;0.0;0.011308174778115241;0.033137331539576625;0.14034254877819688;0.0;0.0005359465171386918;0.006334648709900286;0.0;0.02024465113413079;0.0;0.053194946768827925;0.15293548438607577;0.0;0.07599565700328254;0.10732662598448278;0.0;0.0;0.05440128978152012;0.08623891260599621;0.09800797563921226;0.029316788038688618;0.0;0.0;0.14087903532829604;0.006079603177215916;0.01774393877165466;0.0
80;secretario mujer;0.0;0.0;0.07453134164590887;0.06252955478255319;0.0;0.10034127725167136;0.0;0.05578388384366278;0.0;0.0;0.07332852709565457;0.0;0.07739413690560738;0.002614591774485473;0.12275230429406575;0.017841995481976562;0.05030424519820386;0.07506318700863567;0.059680382399444176;0.013194275556118013;0.04811280586708945;0.05491732207480652;0.0;0.0;0.07902198115724139;0.013151267955137326;0.0;0.0;0.0667028993818101;0.0;0.0;0.0;0.0;0.04927994145108283;0.6939092155722618;0.005031353975962676;0.0;0.0;0.0019430365769131837;0.0012397497743665755;0.09080105463075563;0.0721476964025615;0.00047763822035339505;0.058992913983649045;0.009816369154353494;0.0708418931190126;0.0;0.0;0.0;0.0;0.0;0.0;0.0;0.0;0.014322460591434185;0.010492589086953856;0.0;0.0;0.0027152296533975956;0.0;0.0;0.0;0.0;0.0449163278607055;0.0;0.0;0.09625291648800256;0.21749665547076816;0.0;0.0;0.0;0.0;0.0;0.0;0.0;0.0;0.0;0.007700170772541417;0.00749124324601223;0.0
81;secretario salud;0.0;0.0;0.1257778325481187;0.1582857298097511;0.0;0.11288949578451461;0.07540145186940193;0.25888483390439426;0.0;0.05167096803896678;0.1701534766816797;0.07013070088425404;0.06530451872292303;0.002206170445416729;0.0;0.11291193764084355;0.07640333462871249;0.21534812184950813;0.07553670353380476;0.0;0.0;0.030892514868587823;0.0;0.0;0.0666780799467983;0.0;0.0;0.16143696080991873;0.1125666856874546;0.0;0.0;0.0;1.0;0.04851233119801818;0.005855147324094573;0.06792662350134218;0.007824485445286362;0.0;0.01475566060049209;0.021967898052312435;0.11492574391185666;0.08117015541342175;0.0008060541883655788;0.08296287052647684;0.0;0.039850527189161315;0.0018338121238362468;0.0060360452421765335;0.0;0.0;0.0;0.018355432410705082;0.03679465755288234;0.0;0.012085171219008385;0.04426779003405817;0.0;0.0;0.001718315877922389;0.0033849545029836893;0.0;0.0;0.0;0.1137000536870851;0.05448128015155426;0.0;0.06091304818018418;0.27528275998517227;0.008367665279345717;0.0;0.0;0.0;0.04189688219961158;0.04177490001594294;0.0;0.0;0.056459617594724565;0.019492017089037503;0.06321047748278874;0.020543646931533783
82;secretario seguridad;0.0;0.0;0.0;0.10138159386892791;0.0;0.05422906897916383;0.021732494274010885;0.22045865347347107;0.6145647985995567;0.0;0.11145973760234257;0.0;0.0;0.0;0.04975576870686575;0.0;0.012234033748446513;0.0;0.018142897520830484;0.0;0.019501789838718038;0.0;0.0;0.03040442530510108;0.09609105360170617;0.0;0.0;0.0;0.0;0.0;0.0;0.0;0.0;0.0;0.016875929115366613;0.0;0.0;0.0;0.21382801134674345;0.22914620415825465;0.05520722765893245;0.029243965036610402;0.0017424301123079003;0.0;0.0;0.028714677651525727;0.0;0.0;0.0;0.0;0.0;0.013226181985645565;0.0;0.0;0.0;0.012759031418978379;0.0;0.0;0.0;0.0;0.0;0.0;0.03419871570224318;0.0;0.03925700631684093;0.0;0.0;0.0;0.0;0.0;0.0;0.0;0.0;0.09030390856727062;0.0;0.0;0.0;0.0046817196406038495;0.0;0.0
83;seguir trabajar;0.0;0.0;0.014332577140792753;0.08016400865362786;0.0;0.06860763401363308;0.10997902353275515;0.05363695331024586;0.0;0.0;0.09870890870965685;0.06393200836733406;0.13890893666367757;0.0020111720772466326;0.03147413033053567;0.013724254572312092;0.038694565743252606;0.10393093751207634;0.057383488988823034;0.05074589241218041;0.061681478451143884;0.014080998009175656;0.0;0.07693201166808537;0.18235367013280157;0.007587072430350704;0.0;0.0;0.025654293342693583;0.0;0.0;0.030048468429290442;0.0;0.012635553432845259;0.026688121107886573;0.030961372175788374;0.003566448521480881;0.0;0.0007473023029236922;0.0066754019014256104;0.06984514655021394;0.11099356607671848;0.0011022133487621354;0.0907559662025446;0.03020342637934904;0.16347703537958955;0.0;0.0;0.0;0.0032682316099688813;0.008069778881953146;0.008366518826070295;0.08385615446887057;0.0;0.011016990529860542;0.024213036691577317;0.07975843381850867;0.0;0.0;0.0020571774023758235;0.02499309409825729;0.25640359692149195;0.10816583314095303;0.05182518278040718;0.049665804199801954;0.0;0.0;0.08365038180069635;0.0030512265807073513;0.0;0.0;0.0;0.01909685622400627;0.06664439598429915;0.04534454825416108;0.00935342505140871;0.0;0.017769162205996957;0.011524689542180715;0.20600624976770895
84;seguridad convivencia;0.0;0.0;0.0;0.025810707702838068;0.0;0.02761232280936209;0.0;0.20723630175880084;0.0;0.0;0.13620719571365794;0.05146107363326011;0.0;0.0;0.0;0.0;0.012458635026632315;0.0;0.018475978012266105;0.0;0.0;0.0;0.0;0.0;0.0;0.0;0.0;0.0;0.0;0.0;0.0;0.0;0.0;0.010170791786620623;0.008592874840253258;0.0;0.0;0.0;0.22015973866317706;0.23488825396900756;0.028110381023028416;0.05956169397832326;0.001774418909986628;0.0;0.0;0.02924184256179458;0.0;0.0;0.0;0.0;0.0;0.0;0.0;0.0;0.0;0.025986541971501607;0.0;0.0;0.0;0.0;0.0;0.0;0.03482656056657601;0.055621164113308974;0.0;0.0;0.0;0.0;0.0;0.0;0.021330948126026383;0.0;0.030743433513329133;0.10728873553562589;0.0;0.015057787408401253;0.0;0.014303010151506099;0.03710647685103251;0.0
85;sentir norte;0.0;0.0;0.0;0.0;0.0;0.0;0.0;0.0;0.0;0.0;0.0;0.0;0.0;0.0;0.0;0.0;0.0;0.0;0.0;0.0;0.0;0.0;0.0;0.0;0.0;0.0;0.0;0.0;0.0;0.0;0.0;0.0;0.0;0.0;0.0;0.0;0.0;0.0;0.0;0.0;0.0;0.0;0.3048242151345573;0.0;0.0;0.0;0.0;0.0;0.0;0.0;0.0;0.02659557215769384;0.0;0.0;0.0;0.0;0.0;0.0;0.0;0.0;0.0;0.0;0.0;0.0;0.0;0.0;0.0;0.0;0.0;0.0;0.0;0.0;0.0;0.0;0.0;0.0;0.0;0.0;0.0;0.0
86;ser mas;0.0;0.12914523127247374;0.09057762984012659;0.10132254417334173;0.0;0.02322749282798513;0.049645339852962794;0.038739384151328916;0.0;0.0;0.07638501798398194;0.25973440778369167;0.07166230325708363;0.0018157157259713476;0.056830615389870734;0.0;0.04192082755594467;0.11468157397681872;0.13469731000241222;0.009162827579367469;0.011137389156499365;0.025425064132387664;0.11334383458661743;0.08681918929059884;0.1646315749381379;0.022832401864441194;0.0;0.0;0.1852885862448199;0.08754402520404418;0.0911323267742077;0.02712819916588645;0.0;0.04563025378868146;0.014456656913780843;0.02445833433105317;0.009659526511305049;0.054956576151036135;0.003373377541445338;0.006887601142338338;0.12611445078097602;0.10020662363363919;0.001658490699167167;0.16387164173966037;0.03408512185235349;0.1147918111657027;0.0;0.01987107078088747;0.0;0.032456683131298174;0.06556963537908778;0.022660248681846018;0.04542394162424693;0.07150309535622681;0.029838903171325374;0.09472617085553485;0.09258054031659546;0.1400647132874878;0.0;0.002785875015021361;0.07897446507886673;0.3027110724553097;0.15624592761108552;0.17155796941222112;0.04483901837581819;0.0;0.06684329685549698;0.15104158956598907;0.0;0.0;0.035887197758198826;0.0;0.12068645835123572;0.08595362958855673;0.08187544992655574;0.18577701296317206;0.03097814911567444;0.013368550781813524;0.0;0.06763108059920177
87;ser partir;0.0;0.21797728462670068;0.06552047402957348;0.029317177478975068;0.0;0.02352266095516071;0.10055243637470726;0.07846334563543879;0.0;0.08613298546221596;0.025785232086783117;0.058452230226875936;0.01814324166695386;0.0018387893058143042;0.028776401043130343;0.069013522278085;0.04952913591109611;0.05279041526816574;0.06295800170062986;0.06495486262566522;0.3383675943772664;0.12874079173728273;0.11478417460220114;0.1406759391008679;0.0;0.01849803943375729;0.0;0.06727688645207307;0.023455397367762473;0.029552169617487533;0.06921780712537268;0.05494587263713515;0.0;0.017328791097653933;0.00976024523026248;0.0;0.02445569231207088;0.0;0.00204974725689468;0.002615672529727399;0.0798231725125382;0.15222002977150148;0.001679566309747982;0.0;0.0483255717369183;0.13285777330345946;0.0003821094296213549;0.050308966216928;0.056905020019972594;0.029881030078551953;0.07378097218183421;0.03059761125031871;0.10733607657542453;0.10861760339987693;0.05036347858483312;0.11806759765205141;0.1562617108556417;0.0;0.0;0.0018808513952869655;0.2970613259159994;0.3065578354698824;0.17801038661568427;0.03158874136019479;0.06811322909198064;0.0;0.16923180438598884;0.11472073614878059;0.004184547063149927;0.0;0.0;0.0;0.12222010626368146;0.03481836118345238;0.04145794949623655;0.2479998436750111;0.0;0.0108307475053381;0.0;0.10273577463230046
88;sitiar web;0.0;0.0;0.018632835411477217;0.0;0.0;0.0;0.0;0.013945970960915694;0.0;0.0;0.0;0.0;0.0;0.07843775323456419;0.04091743476468858;0.017841995481976562;0.010060849039640773;0.0;0.014920095599861044;0.0;0.14433841760126834;0.0;0.054404231778495266;0.05000710957994513;0.07902198115724139;0.0;0.0;0.0;0.0;0.0;0.06561429979522183;0.0;0.0;0.00821332357518047;0.0;0.0;0.07882056451362848;0.05275752876330709;0.0;0.0;0.0;0.02404923213418716;0.00047763822035339505;0.0;0.009816369154353494;0.0;0.0;0.0429208747857264;0.040456891064325366;0.004248811715920694;0.10490985692063112;0.1413978496249294;0.0;0.2574073164297625;0.0;0.05246294543476928;0.02962533246401553;0.0;0.0006788074133493989;0.0;0.0649837365857893;0.02564102728736288;0.056247697710258664;0.0;0.0;0.0;0.02406322912200064;0.0;0.003966697832703928;0.0;0.0;0.0;0.07447967844229691;0.03713141595265745;0.0589494475507032;0.4255919206404237;0.0;0.0;0.0;0.21912144348157261
89;sonar radiar;0.0;0.0;0.0;0.0;0.0;0.0;0.0;0.0;0.0;0.0;0.0;0.0;0.0;0.0;0.0;0.0;0.0;0.0;0.0;0.0;0.0;0.0;0.0;0.0;0.0;0.0;0.0;0.0;0.0;0.0;0.0;0.0;0.0;0.0;0.0;0.0;0.0;0.0;0.0;0.0;0.0;0.0;0.0;0.0;0.0;0.0;0.0;0.0;0.0;0.0;0.0;0.0;0.0;0.0;0.0;0.0;0.0;0.0;0.8355735052402704;0.0;0.0;0.0;0.0;0.0;0.0;0.0;0.0;0.0;0.0;0.0;0.0;0.0;0.0;0.0;0.0;0.0;0.0;0.0;0.0;0.0
90;tener citar;0.0;0.0;0.017077996808110858;0.0;0.0;0.0;0.01638070210961773;0.01278223320803985;0.0;0.0;0.0;0.0;0.02364529773831972;0.0;0.0;0.0;0.009221309800226934;0.0;0.0;0.024186527799619967;0.014699325623862357;0.0671129097561351;0.14959322231042102;0.022917104104915337;0.07242790011136437;0.003013461279517626;0.0;0.2630371198710068;0.030568399215092412;0.0;0.0;0.0;0.0;0.022583859735246806;0.038160309282919636;0.00461150679670788;0.0021248026739304642;0.0241775577341437;0.0;0.0;0.0;0.022042416012121258;0.0;0.018023393907677293;0.0;0.0;0.0;0.01311309750421301;0.0;0.0;0.0;0.0;0.0;0.18874213103021661;0.0;0.009617022797584533;0.08145963651050718;0.0;0.0031108176996406875;0.00490246363461036;0.2531346459786486;0.04700276393796042;0.025777021605839036;0.0;0.0;0.20724720406005034;0.022055245005021314;0.049836848577761446;0.0018178460612583505;0.0;0.015788188720689177;0.10011205489859572;0.04550975674992838;0.0;0.24313654078692196;0.05572541546566089;0.04088551586707666;0.007057621074373307;0.933793373739081;0.022315177777576554
91;tener contar;0.0;0.0;0.028665154281585507;0.04809840519217671;0.0;0.07718358826533722;0.04124213382478318;0.0750917346343442;0.0;0.0;0.014101272672808121;0.0;0.019844133809096796;0.2031283798019099;0.06294826066107134;0.006862127286156046;0.038694565743252606;0.03464364583735877;0.02295339559552921;0.05074589241218041;0.0;0.09856698606422959;0.041848319460308744;0.0;0.12156911342186771;0.020232193147601878;0.0;0.0;0.0;0.0;0.02523561209516319;0.060096936858580884;0.0;0.006317776716422629;0.005337624221577315;0.034831543697761924;0.024965139650366168;0.14203580234609617;0.002989209211694769;0.0009536288430608015;0.017461286637553485;0.03699785535890616;0.0007348088991747569;0.015125994367090768;0.01510171318967452;0.0;0.008776559701766617;0.0165075989572099;0.062239750338686804;0.0032682316099688813;0.008069778881953146;0.10039822591284354;0.03354246178754823;0.11880028362387166;0.033050971589581625;0.016142024461051546;0.068364371844436;0.0;0.0;0.0;0.012496547049128646;0.19723353609345531;0.0;0.05182518278040718;0.024832902099900977;0.0;0.05552908293847834;0.0;0.0015256132903536757;0.0;0.0;0.0;0.03819371244801254;0.028561883993271062;0.04534454825416108;0.03741370020563484;0.051469280913644;0.029615270343328264;0.0;0.01872784088797354
92;tener dudar;0.0;0.0;0.0;0.04168636985503545;0.0;0.0;0.017872056644722353;0.013945970960915694;0.0;0.0;0.0;0.08311377484536821;0.025798045635202462;0.044448060166253044;0.04091743476468858;0.017841995481976562;0.010060849039640773;0.0;0.029840191199722088;0.05277710222447205;0.032075203911392965;0.2928923843989681;0.08160634766774291;0.025003554789972564;0.0;0.10192232665231428;0.0;0.0;0.10005434907271515;0.0;0.0;0.03906402603732786;0.0;0.00821332357518047;0.0;0.0;0.009273007589838645;0.0;0.0;0.0012397497743665755;0.0;0.0;0.0;0.019664304661216346;0.10798006069788844;0.023613964373004198;0.0;0.014306958261908797;0.0;0.0;0.11540084261269423;0.16315136495184163;0.0;0.025740731642976255;0.0;0.0;0.0444379986960233;0.0;0.0;0.0013372001271698308;0.0;0.17948719101154015;0.028123848855129332;0.0449163278607055;0.03228361327285966;0.0;0.1203161456100032;0.0;0.0;0.0;0.0;0.0;0.0;0.198034218414173;0.0;0.0;0.0;0.0;0.03745621623006115;0.0
93;tener mas;0.0;0.0;0.06635558907335508;0.1484542511633408;0.0;0.055585781043219616;0.07637554803167139;0.009932928594876683;0.0;0.0;0.0522277742905032;0.059197254397229414;0.07349797182282695;0.005586678792068322;0.0;0.09530885350826215;0.06449197826038025;0.021385309886281227;0.06376045582089297;0.00939753835192568;0.022845358778594234;0.1043053634763592;0.019374533011340508;0.0;0.056282900520899376;0.014050359694914897;0.0;0.0;0.09501742668009404;0.1197153501959703;0.0;0.0;0.0;0.005849887170102653;0.014826971981204246;0.0035835496803232067;0.0016511600825025838;0.037576212335212966;0.002075873056433465;0.0017660076905092184;0.1455130580479165;0.034257823455959645;0.0017009738333209371;0.028011550377549002;0.02796658451230306;0.0504566851493598;0.00038697974440118335;0.025475098726308074;0.08644548548943684;0.0030261889620731485;0.014944274882140389;0.015493802119288722;0.015529166799657339;0.0733346857256837;0.0;0.0224198383464693;0.04220090702744828;0.0;0.0;0.0019048244711626493;0.011571062659314086;0.01826265764201312;0.02003103141932555;0.07997841789482035;0.13796278207775914;0.0;0.1028332859580093;0.03872765034557667;0.012713648191334624;0.0;0.024537645128615487;0.15559188705282864;0.017682558157478913;0.01763107563792959;0.1889386509489422;0.06928574232453744;0.12708668448231117;0.0027421986847084435;0.005335590075300569;0.0
94;trabajar equipar;0.0;0.0;0.039813353444013044;0.17814510139600892;0.0;0.04764495517990253;0.08910480603694995;0.059597571569260106;0.35996576295851174;0.04361541238554188;0.0;0.0;0.1469959436456539;0.0018622262640227737;0.11657272453591579;0.0;0.06449197826038025;0.032077964829421844;0.08501394109452395;0.02819261505577704;0.03426803816789135;0.06519085217272451;0.019374533011340508;0.01780862193409996;0.056282900520899376;0.0046834532316382994;0.0;0.0;0.02375435667002351;0.029928837548992573;0.04673336524902506;0.13911551312727807;0.0;0.046799097360821225;0.004942323993734749;0.0035835496803232067;0.0;0.037576212335212966;0.005535661483822573;0.005298023071527655;0.09700870536527767;0.05138673518393947;0.0;0.056023100755098004;0.05593316902460612;0.1513700554480794;0.0007739594888023667;0.01019003949052323;0.02881516182981228;0.0;0.014944274882140389;0.030987604238577444;0.015529166799657339;0.018333671431420926;0.020402161851097094;0.029893117795292398;0.09495204081175863;0.1436525464949877;0.0;0.006666885649069272;0.05785531329657043;0.14610126113610497;0.12018618851595331;0.01599568357896407;0.09197518805183942;0.0;0.017138880993001548;0.058091475518365;0.005650510307259832;0.0;0.0;0.0;0.07073023262991565;0.052893226913788775;0.02099318343877135;0.01732143558113436;0.047657506680866685;0.005484397369416887;0.0;0.0867043590267266
95;transportar publicar;0.0;0.0;0.031444458137029674;0.1055238198731674;0.0;0.056444747892257306;0.0;0.0;0.0;0.05167096803896678;0.0309369957603054;0.03506535044212702;0.02176817290764101;0.008824681781666916;0.10357735707849161;0.0;0.0;0.0;0.01258945058896746;0.0;0.013532393008838977;0.015446257434293911;0.0;0.0;0.0666780799467983;0.005548464384672391;0.0;0.0;0.08442501426559096;0.0;0.027682395855738895;0.0;0.0;0.013860666056576623;0.01756544197228372;0.004245413968833886;0.0019561213613215906;0.0;0.0008197589222495605;0.0;0.07661716260790444;0.040585077706710875;0.01329989410803205;0.48118464905356567;0.008282969341895409;0.07970105437832263;0.0027507181857543703;0.06036045242176533;0.13654873124065153;0.0250957799572916;0.6904719959086463;0.2019097565177559;0.09198664388220586;0.04343962369063357;0.012085171219008385;0.0531213480408698;0.0;0.0;0.001718315877922389;0.0033849545029836893;0.0;0.0;0.1661146620773503;0.0;0.02724064007577713;0.0;0.0;0.0;0.0;0.0;0.11627851787662948;0.0;0.04189688219961158;0.0;0.024870522853533816;0.09234279418835145;0.07527949012629942;0.055227381752272924;0.025284190993115494;0.08217458772613513
96;ultimar dia;0.0;0.0;0.09963931733381488;0.018576531441917895;0.0;0.0;0.015928507248146425;0.012429375306337956;0.0;0.0;0.049015650460293485;0.0;0.0229925612399892;0.11185249427185764;0.0;0.0795085758750611;0.017933504804300004;0.04014013189766046;0.053190263578445876;0.10583482707489972;0.15722900306305737;0.16315058755435452;0.024243941742135813;0.06685340891963552;0.0;0.03516328385310605;0.0;0.0;0.0;0.0;0.05847887966373888;0.06963178712407489;0.0;0.01464028306303149;0.0;0.0;0.002066146772348095;0.0;0.0;0.0;0.020231656680268426;0.04286785521965955;0.0;0.0;0.06124201441037947;0.021045994322312207;0.000968479020697673;0.0;0.0;0.0;0.0;0.0;0.09716059090932207;0.390005160450847;0.0;0.1496246657187902;0.013201819249525713;0.0;0.0;0.0011917823640144281;0.10135455558591708;0.0;0.12532719072009785;0.02001588480027122;0.028772836738124044;0.0;0.10723201227005452;0.048461085396917354;0.017676638015269905;0.0;0.0;0.0;0.04425344441292277;0.02206230056574563;0.05253881639094316;0.010837419278012432;0.019878428637395387;0.010294189560881675;0.0066765859527963415;0.0
97;unidad hospitalario;0.0;0.0;0.0;0.0;0.0;0.0;0.0;0.0;0.0;0.0;0.0;0.0;0.0;0.0;0.0;0.0;0.0;0.02732072643656134;0.0;0.0;0.0;0.0;0.0;0.0;0.0;0.0;0.0;0.0;0.0;0.0;0.0;0.0;0.0;0.0;0.0;0.9522554337430811;0.012656602075977954;0.0960107123246383;0.0;0.0;0.0;0.0;0.0;0.0;0.053592915573023175;0.0;0.0;0.10414598910327183;0.22087624386006321;0.0;0.0;0.0;0.0;0.0;0.0;0.0;0.0;0.0;0.0;0.0;0.0;0.0;0.0;0.0;0.0;0.0;0.0;0.0;0.0;0.0;0.0;0.0;0.0;0.0;0.0;0.0;0.0;0.0;0.0408987845207982;0.0
98;usar tapaboca;0.0;0.0;0.06122505723665435;0.30819589337859266;0.0;0.20148840408736157;0.07340654728908384;0.3207724407009952;0.0;0.05030390350300876;0.16565170726512715;0.0;0.1483457495880264;0.01073900774548486;0.06722466629802419;0.02931323039346107;0.10744055562505818;0.09865912126586118;0.12256370097531841;0.0;0.0;0.0;0.02234564768993005;0.0;0.0;0.013504170116667604;0.0;0.0;0.2191769927826753;0.034518471193472414;0.0;0.0;0.0;0.026987905752864683;0.0;0.008266185160591223;0.03046988866193127;0.13001574828253015;0.008778775164115665;0.013239380102928303;0.01864752345841392;0.11853394140482527;0.0003923641616232135;0.1615358253071332;0.024191477708267354;0.07759239473724722;0.005802207947105838;0.04701079138649171;0.06646802315187827;0.020941558390097047;0.0689440104290132;0.035739601396582284;0.03582117721445841;0.0;0.0;0.02585795532011763;0.036504361166236184;0.0;0.0;0.005492330643381644;0.0;0.021063264508691167;0.0;0.018448646458003065;0.29171924581876585;0.0;0.09883577484037462;0.15633308451412958;0.0;0.0;0.0;0.08972607209316527;0.02039420586872684;0.0;0.0;0.01997770458535903;0.27482929613007806;0.015813595524707;0.01846143325943906;0.0
99;vez mas;0.0;0.0;0.06309125345972065;0.15526621660553316;0.0;0.060401441894300655;0.072618284703408;0.009444282302789682;0.0;0.08293954061727773;0.08690228863877479;0.11257014016306503;0.10482340448948083;0.0017706148172827749;0.0;0.03020672469653211;0.027253032091464804;0.030499902687740978;0.030311893354275078;0.053611382161343854;0.02172149085264184;0.012396763061323183;0.0552642327474889;0.016932534182923974;0.10702817326470498;0.008906105394600164;0.0;0.06478254557823777;0.13551462582459586;0.1138260033210385;0.04443433677745604;0.052908713321431836;0.0;0.011124208806335993;0.018796753679577376;0.003407258443849133;0.0;0.03572766619367054;0.0;0.0008395648382426408;0.1383546036619633;0.06514504815107446;0.000970377079716077;0.11985090211800965;0.05318156003160011;0.04797448950346006;0.0011038273103477023;0.019377489469664572;0.054795223850030196;0.00863195056314398;0.04973184122613867;0.014731590966394176;0.07382607948008393;0.05229526226562361;0.029097728973157776;0.07105634573747589;0.10031212738370404;0.0;0.0;0.004527793558337128;0.04400731617227024;0.13891387034380473;0.2666385842065067;0.0456263477290333;0.021862626729788854;0.0;0.03259148173788569;0.055233689534828066;0.0013431339505478256;0.0;0.046661051758661864;0.0;0.08406336030688072;0.03352744440593897;0.11976259505113286;0.041173286900047845;0.030208676970545772;0.005214594721255341;0.01521932382029583;0.11541456379083172
